Vibration(mm/s),Temperature(Â°C),FlowRate(LPM),RPM,Lubrication_Level(%),Pressure(bar),Failure
1.06,82.21,1374.61,2880.64,99.34,2.58,0
1.65,51.68,809.78,2834.93,76.52,6.85,0
1.25,90.68,925.35,2906.97,77.18,6.83,0
1.98,68.02,1188.27,2810.85,95.01,5.62,0
1.22,86.29,1007.17,2860.47,86.1,7.11,0
2.1,60.34,848.96,2965.81,79.03,7.47,0
2.46,45.07,948.73,2855.21,81.95,8.41,0
1.99,75.03,857.32,2893.71,78.22,6.17,0
2.15,47.83,925.2,2863.83,91.44,7.34,0
0.82,82.8,1053.96,2872.4,89.96,5.68,0
2.31,74.24,1201.77,2892.22,77.95,8.42,0
1.56,62.04,1026.94,2970.35,65.02,7.21,0
-0.07,74.75,1003.02,2817.53,98.01,5.1,0
2.61,52.52,1423.65,2872.97,70.01,4.75,0
2.43,87.12,903.83,2964.19,91.62,9.36,0
0.56,61.23,1006.9,2974.46,86.91,6.47,0
1.29,59.49,974.76,2867.34,93.19,7.16,0
1.82,64.66,1200.08,2785.03,77.29,4.82,0
0.91,75.0,740.46,2919.11,75.19,6.38,0
-0.04,73.23,1104.09,2894.12,81.29,9.15,0
0.81,56.28,784.56,3016.56,81.07,8.4,0
2.76,64.98,926.85,2996.25,73.07,6.29,0
2.0,63.73,861.64,2985.33,79.96,4.78,0
2.13,81.81,991.78,2959.9,80.54,4.69,0
2.14,66.43,899.27,2923.43,67.4,8.98,0
1.69,68.17,1206.77,2855.13,74.87,5.18,0
1.76,69.52,993.35,2810.36,75.99,7.15,0
1.51,78.16,1151.54,2842.1,101.74,6.91,0
1.73,89.35,879.13,2915.14,79.58,7.87,0
3.19,64.65,1169.24,2860.17,91.04,7.74,0
1.83,74.96,980.36,2915.52,93.45,4.91,0
2.24,73.13,687.13,2798.24,99.78,10.84,0
2.43,62.43,1258.32,2876.12,82.83,10.36,0
1.16,72.33,934.92,2767.99,86.24,7.66,0
1.47,57.01,714.26,2939.9,104.86,7.03,0
2.96,68.87,1083.39,2841.79,91.19,5.3,0
1.22,71.23,960.74,2932.71,81.87,7.35,0
0.92,76.41,1067.57,2840.75,81.96,5.68,0
2.15,69.68,936.14,2864.58,80.05,8.01,0
1.71,51.6,1059.19,3182.42,65.23,8.42,0
2.11,95.12,1059.71,2809.8,79.59,8.6,0
1.46,54.32,844.58,3090.26,94.46,9.15,0
2.37,64.69,1013.05,3052.68,93.23,7.91,0
1.4,69.64,1284.81,2972.51,84.17,5.18,0
3.25,84.67,1044.82,2981.03,82.45,6.15,0
3.04,76.87,1146.06,2986.02,87.45,7.82,0
2.98,67.87,1012.45,2882.2,92.01,7.63,0
2.59,83.76,948.52,2854.11,92.65,8.03,0
1.52,59.23,909.42,2835.72,85.65,4.21,0
3.73,78.79,1008.76,2758.37,98.61,6.79,0
1.61,84.51,967.43,2914.78,91.04,7.61,0
2.54,73.31,996.18,3105.42,100.45,7.0,0
1.52,69.51,984.25,2615.0,77.85,3.96,0
2.83,61.88,888.22,2811.4,89.58,5.26,0
1.46,76.79,940.02,2779.4,74.26,3.03,0
1.83,85.94,1078.59,2814.49,85.42,6.34,0
3.18,90.96,1256.65,2799.94,93.23,3.14,0
0.71,57.61,842.93,2954.13,80.34,5.91,0
0.9,68.97,1049.75,2936.02,71.84,2.93,0
3.37,88.58,738.03,2869.24,93.51,7.74,0
1.86,84.97,1010.26,3100.24,94.22,12.05,0
2.15,57.12,1017.01,2759.27,83.13,10.35,0
2.07,40.71,923.35,2981.58,85.6,8.32,0
2.67,64.39,1013.97,2944.41,77.78,6.38,0
2.0,68.72,1155.79,2870.96,91.57,6.99,0
3.99,57.45,1264.98,2879.56,76.54,4.38,0
2.31,65.22,1098.93,2989.13,77.94,8.18,0
0.28,65.86,1005.65,3016.65,90.48,2.96,0
1.12,66.12,1134.8,2969.38,91.88,9.47,0
0.53,68.88,809.36,3159.88,76.66,8.58,0
0.94,58.59,1033.09,2896.97,79.79,10.12,0
1.37,76.95,1062.81,3046.79,85.47,5.39,0
2.77,85.89,1145.55,2960.73,95.47,6.88,0
2.57,71.41,967.92,2797.4,67.81,5.39,0
1.88,63.86,984.46,2971.33,87.27,7.19,0
1.75,72.93,1068.85,2770.19,85.95,8.45,0
1.92,90.53,616.97,2960.25,86.24,7.46,0
2.31,57.24,958.5,3131.76,79.61,7.88,0
3.86,75.74,1061.42,2804.39,98.16,6.98,0
2.97,92.72,1168.74,2905.41,91.54,4.91,0
1.13,75.22,886.92,2981.0,77.82,7.59,0
2.87,74.67,917.02,2902.19,87.18,8.41,0
2.99,81.01,1231.05,3039.19,99.14,9.97,0
1.41,74.44,1177.92,2972.98,95.62,7.99,0
1.28,83.85,589.13,2929.34,108.23,6.33,0
1.91,72.53,903.35,3041.9,91.37,7.69,0
0.87,80.64,891.41,2819.01,72.42,7.32,0
2.14,52.24,1175.13,2938.57,94.7,8.35,0
1.26,74.18,1058.67,2959.95,84.59,7.44,0
2.43,74.26,1246.53,2836.88,73.83,5.79,0
2.45,63.93,1285.04,2970.94,94.35,5.85,0
2.01,62.83,882.61,2907.39,87.54,6.34,0
3.22,66.73,973.58,2957.71,75.87,10.92,0
2.48,54.02,1140.8,2707.72,77.72,5.95,0
1.03,60.75,1217.17,3063.93,85.63,9.35,0
1.25,85.3,908.86,2942.8,80.13,6.73,0
0.42,64.85,738.56,2844.47,90.01,5.78,0
2.05,59.89,1114.08,2883.94,100.89,8.8,0
2.39,69.36,1203.88,2919.19,82.65,6.39,0
1.94,66.39,575.05,2820.4,91.88,7.57,0
2.42,43.97,916.07,2832.01,77.16,6.84,0
2.05,66.98,1117.96,2816.64,74.29,8.89,0
1.85,83.86,1034.74,2716.63,89.26,5.36,0
1.51,81.54,949.04,2914.43,91.51,5.48,0
1.76,48.94,848.81,2868.02,74.65,7.96,0
1.15,79.78,1312.71,2765.95,88.92,7.34,0
2.95,48.1,884.94,3028.56,82.41,4.38,0
2.45,59.39,1044.77,2854.98,75.39,8.01,0
3.11,70.52,1022.71,2807.49,76.1,6.09,0
2.65,69.19,1129.72,2820.65,87.27,8.53,0
1.98,69.09,888.93,2911.4,93.68,7.98,0
2.87,65.45,878.37,2894.22,83.02,7.22,0
1.99,71.32,1142.87,2836.22,78.86,11.04,0
2.02,65.88,1049.17,2910.62,61.57,6.72,0
1.28,56.63,985.37,2905.97,67.18,4.66,0
2.43,71.75,1257.39,2919.34,83.07,7.93,0
1.4,80.24,1071.5,3160.69,103.31,9.22,0
1.47,86.96,951.94,2861.39,79.33,3.73,0
2.26,58.28,976.91,2806.0,65.89,7.32,0
1.77,66.24,951.1,2798.11,93.58,5.8,0
2.74,80.89,974.74,3004.01,88.12,9.69,0
2.97,49.14,1026.42,2972.3,66.67,5.73,0
1.9,70.73,937.0,3120.99,95.56,8.51,0
0.51,78.2,1123.08,2990.8,70.92,4.38,0
1.85,78.72,982.06,2897.57,76.45,7.88,0
1.09,80.29,964.53,3020.92,85.34,10.27,0
3.18,73.39,1204.32,2958.06,81.07,10.79,0
2.07,68.58,1024.09,2932.48,67.68,8.1,0
2.56,77.31,983.65,2922.06,73.31,8.36,0
1.64,57.42,748.83,2815.92,96.18,5.64,0
1.86,81.93,910.47,2923.82,87.26,5.32,0
2.0,73.12,1179.54,3088.93,76.75,7.81,0
1.35,73.73,832.78,2892.71,78.85,9.59,0
1.56,62.72,1040.29,2849.59,92.53,6.85,0
2.62,66.4,1005.06,2807.11,83.21,7.45,0
2.47,92.13,960.21,2728.43,72.04,8.29,0
2.82,71.6,812.53,2908.55,95.18,5.44,0
3.21,70.73,714.3,2932.7,74.03,10.65,0
3.65,70.07,877.79,2801.21,73.07,6.31,0
3.23,71.49,634.7,2907.99,74.48,8.96,0
2.15,61.74,873.73,2848.94,82.26,10.2,0
1.55,74.45,1032.84,2834.52,76.45,9.25,0
4.05,75.51,1216.29,2964.47,74.64,4.39,0
1.56,74.08,1165.48,3059.74,88.24,6.08,0
3.01,65.69,965.4,3013.28,73.5,5.77,0
0.78,77.83,1405.45,2859.52,86.66,6.34,0
0.87,72.59,654.37,3003.02,89.73,7.49,0
2.18,61.89,1176.58,2844.08,82.2,6.72,0
3.38,60.1,938.42,2821.99,91.99,8.31,0
1.7,68.17,964.26,3063.71,80.16,6.06,0
2.58,65.03,1044.28,2836.95,110.03,11.11,0
1.65,74.58,902.6,2861.95,73.77,4.59,0
1.06,79.33,954.85,3112.1,100.09,7.98,0
2.73,102.43,757.33,2744.7,87.73,6.01,0
2.29,68.42,852.99,3098.54,90.66,8.13,0
1.82,80.13,1190.66,2867.34,81.65,8.85,0
1.34,48.67,863.4,2978.53,84.82,6.61,0
1.3,72.81,1054.06,3041.14,95.77,2.26,0
1.92,55.64,904.67,2858.51,76.64,5.7,0
2.98,70.39,942.02,2908.29,106.17,4.29,0
2.61,74.24,901.98,2737.49,87.34,5.69,0
2.24,83.52,895.34,2905.99,74.17,6.91,0
2.38,73.08,910.03,2886.3,114.14,8.7,0
1.63,61.63,730.91,2804.93,91.19,8.54,0
3.33,60.84,949.78,2718.8,92.37,5.54,0
1.98,80.65,1186.51,2661.49,70.81,6.23,0
-0.3,67.77,905.28,2997.78,96.18,7.94,0
1.29,68.76,1076.52,2909.13,77.47,7.55,0
1.57,73.33,922.29,2825.98,90.5,8.14,0
0.72,66.85,730.27,3034.49,82.99,4.37,0
1.88,80.57,853.21,2894.41,88.56,8.34,0
2.26,82.18,1091.85,2888.64,91.4,8.01,0
1.61,82.75,861.78,2868.72,74.69,6.27,0
3.23,72.65,850.85,3049.8,86.17,2.14,0
3.51,94.85,1439.09,2910.17,100.19,4.61,0
2.87,61.49,918.22,2957.05,90.01,7.55,0
1.7,76.03,1108.15,3027.79,60.23,8.9,0
2.47,66.06,820.52,2849.63,83.31,8.65,0
2.98,58.8,1053.75,2896.7,70.07,8.25,0
3.48,69.16,911.31,3107.78,97.12,6.51,0
1.18,81.92,815.85,3065.29,90.03,9.34,0
2.5,68.5,1216.66,2816.49,78.77,7.83,0
3.22,61.85,905.78,2765.99,89.78,7.1,0
3.29,80.07,950.29,2854.28,74.22,5.47,0
2.23,81.46,843.66,2900.22,81.9,5.9,0
1.87,82.59,970.63,2866.21,94.18,6.69,0
1.53,55.21,796.6,2954.22,89.59,6.86,0
2.69,93.04,1208.65,2878.79,94.88,5.28,0
2.65,76.04,815.03,2956.48,73.84,8.09,0
2.25,80.68,993.21,2933.51,80.59,7.62,0
1.78,66.04,853.54,2978.32,81.47,5.55,0
1.82,82.4,997.32,2977.28,87.16,8.93,0
3.64,63.04,942.42,2908.56,82.24,4.28,0
1.16,70.71,734.64,3011.26,71.35,5.79,0
1.33,57.77,780.15,2782.61,102.82,7.89,0
1.71,89.2,1003.06,2938.88,93.86,8.89,0
2.41,59.34,1014.84,2851.43,70.6,7.25,0
2.39,73.36,922.2,2831.09,88.59,9.01,0
2.21,63.62,1211.8,2887.94,68.18,6.86,0
2.05,61.68,1086.9,3033.04,82.77,6.26,0
2.74,72.87,957.83,2845.08,89.34,6.13,0
1.49,57.3,913.89,2706.46,73.96,9.44,0
2.36,73.21,1153.43,2780.58,78.29,2.68,0
2.44,83.12,1006.46,3006.0,91.37,6.99,0
3.06,67.03,978.27,2916.66,67.28,4.23,0
1.8,79.04,992.12,2873.19,89.34,4.83,0
1.74,72.24,1020.38,2958.45,89.58,9.6,0
3.2,80.74,965.41,2734.48,87.1,8.18,0
0.86,72.29,668.76,3017.07,89.51,8.67,0
1.39,70.52,817.78,2947.53,86.2,8.52,0
2.8,79.58,932.81,2914.16,76.72,9.96,0
2.58,81.95,909.42,2894.29,86.24,7.96,0
3.03,81.95,1004.38,3049.55,81.0,4.46,0
2.34,73.7,961.27,3115.91,89.34,7.54,0
2.52,72.67,984.07,3109.94,86.23,9.05,0
1.37,74.22,957.27,3035.2,82.19,7.39,0
1.89,67.64,1044.62,2872.96,78.29,6.68,0
1.51,63.66,624.01,2997.79,103.64,7.34,0
2.96,75.96,756.17,2758.45,78.04,2.96,0
2.36,63.67,1014.19,2900.89,98.13,5.45,0
1.04,54.57,737.92,2997.58,84.23,5.23,0
2.47,60.52,1088.67,2805.86,79.54,7.29,0
1.54,88.98,979.29,2941.16,76.42,3.99,0
1.32,70.47,1314.73,2944.49,78.26,5.9,0
1.83,50.22,1068.6,2755.61,63.97,9.22,0
1.02,73.51,897.33,2928.8,87.01,6.82,0
2.54,78.95,1104.7,2871.54,79.17,8.43,0
1.96,64.68,1002.35,2961.52,94.47,7.57,0
2.3,67.16,946.6,3141.88,88.05,9.35,0
0.59,77.35,804.57,2984.96,100.99,5.58,0
4.08,73.96,874.59,3036.02,75.19,8.71,0
2.19,68.21,1104.64,2882.54,60.42,11.74,0
3.36,71.11,975.36,3034.59,73.61,4.41,0
2.25,70.34,1283.27,2960.83,80.61,8.85,0
2.47,80.82,988.01,2914.2,71.18,5.67,0
1.58,62.2,1093.97,2809.38,75.32,7.5,0
2.32,77.82,1016.08,2868.18,90.99,10.12,0
0.96,70.01,789.28,3028.92,100.67,8.84,0
2.14,90.5,852.8,2774.34,87.74,8.3,0
2.94,62.81,1077.5,3017.11,71.92,7.21,0
2.53,61.76,1004.41,3031.06,103.49,4.83,0
2.59,67.73,1127.98,2946.77,74.6,6.21,0
1.56,77.36,1064.74,2847.1,82.69,5.87,0
2.38,49.74,1024.25,3091.73,91.78,6.61,0
1.96,65.82,895.09,2934.21,74.53,10.35,0
1.63,77.79,800.39,2973.99,71.55,7.67,0
2.93,82.5,773.12,2801.92,94.93,2.55,0
0.96,61.53,1202.65,2901.19,100.58,6.87,0
1.1,60.12,1003.48,2947.05,76.91,4.74,0
1.71,72.84,1126.34,3005.82,90.42,6.65,0
0.61,76.95,1252.68,3034.91,85.07,10.27,0
2.92,83.71,863.68,2979.49,90.87,8.25,0
-0.28,77.57,907.03,2896.01,89.47,4.97,0
1.7,77.21,916.43,2868.91,70.11,7.06,0
2.43,62.65,1091.31,2826.39,97.04,6.22,0
2.94,64.76,662.59,2687.99,91.15,9.06,0
1.98,53.43,1385.8,2856.85,86.24,6.53,0
1.46,87.82,1110.95,2792.43,77.03,2.35,0
2.06,59.29,1015.43,2747.44,72.15,7.82,0
2.21,85.23,989.82,2855.97,82.72,7.87,0
2.4,86.67,835.57,2908.8,110.3,9.46,0
2.32,58.22,831.16,2961.67,81.98,7.3,0
1.5,81.83,813.66,3026.08,89.85,7.94,0
3.18,79.0,926.67,2751.48,84.82,2.43,0
0.74,78.3,954.46,2859.66,69.76,4.38,0
2.52,62.27,1204.48,3001.59,66.17,9.07,0
2.71,63.23,775.38,2820.92,94.92,6.78,0
1.86,60.48,971.46,2892.69,77.2,7.14,0
1.97,82.79,860.87,2945.12,77.24,5.95,0
2.86,72.22,1009.28,2917.65,94.88,8.54,0
1.63,74.25,1017.12,2741.42,71.15,5.05,0
3.35,71.85,993.06,2998.54,81.02,8.2,0
2.84,74.37,958.77,2967.0,84.93,7.21,0
1.84,51.42,1167.78,2841.63,88.88,5.57,0
1.5,72.31,884.32,2939.64,78.18,5.62,0
1.16,66.22,996.99,2981.8,73.43,3.38,0
2.49,61.22,1144.59,2796.08,83.82,8.09,0
2.89,76.65,973.36,2966.25,90.72,6.51,0
-0.32,70.46,821.44,2966.72,73.35,4.51,0
2.8,67.62,1005.09,3018.92,76.86,8.27,0
2.28,84.36,823.13,2757.11,89.06,9.07,0
2.73,81.87,914.45,2843.81,94.23,3.58,0
0.4,62.88,703.61,2896.92,80.03,7.56,0
1.94,71.48,1096.69,2760.08,83.56,6.51,0
2.59,73.68,893.59,2826.52,98.58,6.23,0
2.04,80.58,1131.43,3048.37,72.55,6.44,0
2.58,76.39,885.37,2835.98,97.7,5.17,0
1.97,72.98,921.46,2902.98,96.57,11.06,0
0.83,51.17,864.26,2875.27,100.89,7.69,0
1.79,72.29,969.21,3017.65,80.37,6.64,0
2.19,62.67,1172.54,2777.5,71.25,6.3,0
2.82,74.41,770.27,2864.16,85.02,6.76,0
2.31,68.27,872.27,2936.3,77.49,7.08,0
3.66,80.59,1013.66,2987.28,85.24,7.16,0
1.74,53.31,1080.15,2997.24,86.03,6.34,0
1.72,98.68,940.4,2787.14,87.38,6.33,0
1.72,70.12,821.84,2746.73,81.75,7.17,0
2.68,79.38,1046.72,2878.64,78.87,5.75,0
3.2,71.85,716.09,2813.2,90.95,7.6,0
1.66,57.45,1109.96,2898.45,74.34,6.39,0
1.6,71.89,1120.47,2926.43,84.34,3.95,0
2.8,57.2,788.34,2985.52,89.55,6.29,0
0.97,89.11,1022.4,2784.58,81.69,5.28,0
1.07,74.7,1162.32,2813.94,78.2,7.46,0
3.12,63.93,1033.49,2877.45,67.99,7.0,0
1.54,83.29,970.94,3091.86,78.89,10.46,0
2.51,71.09,966.92,2919.54,99.97,5.48,0
3.44,57.63,773.49,2675.44,84.24,3.27,0
1.78,53.69,960.95,3073.03,70.93,5.9,0
1.2,59.61,901.5,2890.47,84.32,9.65,0
1.45,66.25,1028.27,3027.44,78.08,7.04,0
1.8,40.93,879.24,2776.35,82.02,10.15,0
0.37,66.31,1185.06,2869.4,84.03,10.01,0
2.17,78.42,959.14,2994.81,105.04,3.9,0
2.02,61.03,853.19,2962.13,105.4,8.36,0
1.82,68.89,886.15,2857.86,76.37,10.21,0
2.7,62.88,872.25,2863.28,109.02,9.22,0
3.2,62.92,980.64,2867.7,86.85,5.69,0
2.05,65.41,1162.63,2844.12,87.64,5.97,0
2.0,74.32,961.4,3111.13,72.73,4.73,0
1.23,69.01,1128.68,2781.9,86.82,3.33,0
2.34,48.73,953.1,2896.8,79.9,5.78,0
2.63,78.47,968.7,2839.43,88.62,6.84,0
2.61,67.32,1041.82,2765.2,78.52,5.32,0
0.73,74.73,1104.45,2838.32,95.27,6.3,0
0.06,59.79,1113.82,2975.95,73.28,6.86,0
1.64,79.52,1011.94,2809.03,95.15,4.14,0
0.49,74.43,974.63,2794.99,89.07,5.67,0
2.67,52.69,775.58,2793.66,80.01,8.16,0
1.46,69.62,1068.5,2947.53,91.36,8.45,0
2.1,69.11,1236.06,2854.2,86.28,3.15,0
0.86,65.89,1136.56,2874.55,89.99,4.83,0
1.97,70.73,909.23,3023.72,70.73,7.01,0
1.61,64.99,879.77,3112.46,66.58,7.84,0
1.02,77.13,755.2,3078.29,74.74,6.96,0
1.61,54.65,919.06,2782.28,91.26,4.11,0
2.52,63.82,1174.34,2853.52,68.99,3.79,0
1.79,65.9,1092.07,3074.49,86.87,5.9,0
1.18,88.3,1005.1,2850.1,87.69,7.25,0
2.49,78.93,700.17,2819.97,75.75,5.36,0
2.1,78.94,669.81,2822.44,81.17,7.0,0
2.03,58.03,958.78,2920.55,83.86,10.36,0
3.38,62.2,950.58,2833.27,79.08,4.76,0
3.71,66.69,915.8,2909.98,87.27,9.48,0
1.98,58.96,744.71,2975.34,81.55,8.45,0
1.54,75.22,1064.17,2912.18,87.81,4.17,0
2.34,75.16,1115.62,2882.04,86.35,8.32,0
1.74,79.75,947.92,2622.62,98.05,7.24,0
3.53,76.46,733.9,2916.97,96.52,6.89,0
1.48,55.33,923.12,2848.39,91.07,8.78,0
2.16,62.48,925.31,2849.97,98.05,8.41,0
3.39,59.98,884.24,2794.08,89.2,8.29,0
1.45,77.76,1179.0,2900.18,100.18,10.14,0
3.66,56.83,1038.43,2839.74,86.93,6.43,0
2.16,76.08,961.76,2822.58,91.77,4.5,0
3.05,60.54,919.19,2873.56,96.23,5.38,0
1.57,65.84,737.97,2980.86,87.15,8.74,0
2.84,69.03,1071.34,2925.06,88.15,9.15,0
2.51,71.58,1032.67,2946.11,84.71,7.43,0
2.72,66.1,922.34,3022.89,90.02,4.16,0
2.31,52.48,998.62,2837.26,82.07,5.88,0
2.56,58.46,1029.76,2866.22,82.83,7.14,0
1.48,63.05,1031.55,2868.79,85.64,6.11,0
2.03,89.53,908.25,2990.23,82.61,7.36,0
1.05,91.65,1253.38,2989.19,91.05,5.81,0
3.72,62.72,1142.87,2985.07,105.54,7.43,0
1.33,75.06,815.14,2944.49,90.56,8.28,0
2.22,60.35,946.95,2759.11,81.15,5.55,0
1.46,67.2,841.65,3003.17,76.42,8.24,0
3.0,59.76,1375.14,3045.56,90.92,5.96,0
1.76,53.17,975.94,2961.84,79.31,7.04,0
2.72,88.07,1031.57,2883.99,78.58,8.69,0
1.43,84.51,1197.33,3049.3,91.87,5.71,0
1.45,58.05,887.62,2840.3,83.44,8.58,0
1.0,69.23,1193.81,2940.97,78.61,5.78,0
3.4,71.31,983.5,2880.39,91.86,6.18,0
0.88,74.0,973.11,2876.61,76.72,6.26,0
1.47,71.78,1001.96,2954.3,87.51,6.93,0
1.44,64.74,1167.79,2850.01,87.68,8.22,0
2.25,81.91,1250.49,2788.67,89.73,8.06,0
2.43,56.45,907.82,3054.23,72.49,6.92,0
2.1,52.06,1113.01,2878.49,79.53,6.34,0
1.66,53.13,900.77,2819.45,98.35,3.24,0
2.1,58.47,888.11,2953.28,73.93,9.35,0
3.09,60.2,774.57,2812.42,72.78,5.11,0
2.18,74.58,814.07,2829.87,75.01,6.8,0
2.44,48.71,1093.98,2539.89,96.69,8.68,0
2.35,68.34,772.15,2825.75,95.55,4.64,0
0.73,64.06,1179.33,2816.15,106.66,7.9,0
2.26,70.77,1038.82,2871.0,81.46,5.11,0
1.52,74.28,1095.64,2933.43,80.45,6.19,0
0.93,66.59,1109.28,2698.51,76.85,4.1,0
1.23,68.63,978.74,2895.87,78.47,10.42,0
2.44,76.79,965.93,2899.59,90.23,12.09,0
1.53,71.95,906.32,2916.52,73.01,6.8,0
1.44,57.07,797.77,2921.0,101.13,6.98,0
2.34,72.08,1029.01,2951.99,82.3,10.19,0
3.34,78.41,899.78,3171.03,80.57,4.26,0
1.03,68.53,706.4,2732.82,77.22,7.48,0
2.98,64.5,853.01,2911.77,83.64,6.66,0
2.3,61.68,943.82,2900.18,82.84,5.68,0
0.41,89.92,948.39,2859.58,81.37,9.17,0
2.67,65.97,920.04,2924.35,94.16,9.22,0
2.26,63.25,999.58,3054.27,97.52,9.15,0
0.76,90.47,850.27,2916.65,73.81,6.07,0
2.19,67.78,1040.97,2937.26,87.56,9.04,0
1.38,71.26,1103.74,2738.42,81.64,7.66,0
1.02,44.68,1103.51,2756.86,74.06,7.5,0
1.19,69.01,1112.05,2901.25,89.48,8.62,0
1.82,85.91,620.23,2851.6,78.99,8.78,0
1.7,74.91,843.17,2882.8,85.46,7.65,0
3.3,65.96,1116.27,2776.43,102.13,4.86,0
2.46,92.71,995.62,2870.05,73.91,10.47,0
1.56,84.89,1157.33,3017.84,71.39,2.33,0
3.34,75.06,1011.34,2828.59,103.96,6.48,0
3.31,56.14,782.36,2966.75,84.79,5.57,0
1.36,89.73,990.46,3029.91,88.19,9.61,0
1.55,54.23,854.09,2933.27,85.59,7.86,0
3.77,71.39,1199.21,2812.24,81.89,8.9,0
2.77,78.62,926.21,2827.32,88.8,4.19,0
2.04,61.84,1305.38,3057.59,88.22,4.74,0
1.9,64.36,749.32,2870.03,84.7,7.98,0
1.85,81.06,945.21,2823.82,86.16,8.93,0
2.51,72.13,1183.59,2834.3,90.31,8.09,0
1.95,63.72,1047.99,2862.46,92.03,5.78,0
2.1,59.74,887.79,2826.81,88.23,7.92,0
1.88,72.17,1163.53,2819.69,73.9,8.57,0
3.1,60.62,1098.95,2849.54,95.71,8.58,0
2.56,81.37,969.48,2939.4,88.68,10.32,0
2.48,58.47,844.55,2768.7,93.37,5.72,0
1.02,60.54,958.37,3049.5,86.66,5.86,0
2.95,86.76,905.7,2916.28,89.0,8.58,0
2.77,59.25,1209.92,2792.0,100.87,7.52,0
1.8,57.93,1146.41,3050.51,81.98,6.25,0
2.36,73.38,833.78,2860.84,82.88,8.81,0
3.29,82.77,1255.69,2819.23,70.75,6.2,0
2.34,45.12,1016.63,2531.16,87.84,11.35,0
2.26,84.19,933.72,2923.55,45.78,6.02,0
2.26,67.12,788.96,2895.12,67.26,5.34,0
1.86,81.01,704.9,3172.19,69.52,11.04,0
2.24,66.7,797.53,2810.23,94.33,11.88,0
1.09,78.76,918.85,2815.09,88.25,5.78,0
2.51,48.48,872.41,2948.54,86.98,7.27,0
2.88,61.38,909.71,2887.11,70.81,8.43,0
2.84,75.54,990.99,2925.47,79.49,6.01,0
2.16,70.8,1051.27,2999.43,83.73,8.15,0
1.95,71.34,1177.6,2794.75,80.04,8.68,0
3.92,81.7,991.44,2742.7,92.74,8.55,0
2.29,83.55,908.05,2833.92,95.47,7.52,0
2.12,60.84,1103.19,3044.69,80.42,4.79,0
2.4,77.21,948.23,2889.8,88.37,5.56,0
2.7,78.81,1016.06,2824.45,74.24,6.73,0
2.17,61.27,907.42,2960.79,86.43,4.37,0
1.85,67.84,897.09,2815.35,80.15,7.51,0
3.95,74.75,1111.77,2844.74,71.88,7.09,0
1.21,67.16,842.32,2797.03,68.12,7.15,0
2.75,86.28,1126.27,2964.19,69.66,8.44,0
1.21,60.35,927.46,2989.32,83.24,8.29,0
0.74,82.3,792.7,2966.28,80.41,6.4,0
3.11,67.57,1079.98,2914.2,88.95,6.43,0
2.14,77.06,1105.47,3037.23,87.95,4.34,0
1.92,68.51,902.25,2686.42,85.02,4.18,0
0.65,56.34,980.72,3052.0,86.14,7.41,0
1.78,56.58,808.65,2866.65,87.05,4.25,0
1.4,84.0,1064.63,3008.36,83.67,5.67,0
1.95,75.74,1312.4,2948.28,96.21,5.38,0
2.68,78.35,942.33,2794.1,82.95,1.58,0
2.48,59.08,893.28,2800.28,64.28,7.77,0
3.11,69.98,1020.12,2712.7,86.57,7.16,0
1.36,93.08,1057.12,2759.64,95.3,7.09,0
2.82,81.04,642.35,2994.53,93.23,5.35,0
0.68,72.58,1005.52,2900.77,74.84,5.02,0
0.89,54.51,1012.42,2855.74,108.06,4.59,0
3.83,60.96,1067.59,2908.94,90.03,7.08,0
0.0,71.96,1293.98,2693.16,94.34,7.04,0
1.74,93.2,1164.85,2717.16,73.17,9.13,0
1.45,69.46,972.5,2790.24,84.48,9.77,0
3.31,66.39,974.52,3085.2,79.09,5.34,0
0.94,59.85,924.97,2970.43,75.44,1.01,0
1.49,90.86,943.99,2996.53,86.8,6.2,0
0.28,74.49,1057.26,2814.66,88.35,1.89,0
1.21,58.18,1227.32,3007.29,93.23,9.55,0
0.85,73.62,1037.41,2949.2,101.76,4.1,0
2.01,80.61,996.81,2984.45,87.04,7.09,0
1.48,54.7,837.71,2974.1,93.35,7.44,0
2.52,80.7,1075.83,2811.43,98.83,8.4,0
2.47,67.57,963.79,2724.45,82.97,9.6,0
2.91,86.56,952.74,2933.24,78.28,7.23,0
1.84,62.65,1217.32,2821.34,96.35,6.51,0
1.84,61.19,843.97,2966.53,89.62,7.03,0
2.07,59.04,907.58,2814.88,66.46,8.24,0
2.44,73.08,910.87,2918.81,86.83,7.37,0
2.52,72.08,1152.84,2768.85,73.14,7.15,0
2.42,79.58,1137.98,2876.35,76.44,5.83,0
1.96,63.92,1017.02,2820.43,96.89,9.32,0
2.18,59.6,1008.51,2951.06,88.59,6.46,0
4.51,51.1,972.47,2919.5,93.84,5.35,0
0.29,67.57,1136.53,2915.76,90.0,7.84,0
3.1,66.27,1012.68,2915.05,90.0,6.2,0
1.52,86.3,939.51,2871.18,88.36,3.52,0
2.16,82.72,1065.44,2837.52,78.2,8.45,0
1.28,85.59,986.2,2836.32,84.19,4.64,0
3.01,62.23,1111.27,2892.12,81.29,11.38,0
0.58,81.46,945.65,2823.36,82.21,4.13,0
1.96,72.32,1074.1,2846.7,81.3,6.14,0
2.9,68.0,1145.08,2722.06,88.99,7.29,0
1.98,83.57,1145.32,2809.42,88.22,5.41,0
2.3,67.06,1011.0,2983.05,93.26,10.95,0
1.7,72.43,1020.95,2896.75,72.33,6.97,0
2.5,69.37,909.94,2961.35,76.58,7.61,0
1.73,78.86,1046.24,2813.12,62.82,6.44,0
2.25,55.0,1212.46,2928.73,74.11,3.9,0
2.08,70.72,950.3,2848.99,82.31,8.88,0
2.37,64.1,798.22,2909.29,80.21,5.74,0
2.2,75.95,1208.46,2893.52,83.14,5.46,0
2.95,70.86,814.06,2834.16,81.68,10.37,0
2.53,79.86,1208.81,2957.11,81.37,6.22,0
1.35,67.54,1092.85,2801.54,88.35,6.36,0
2.0,67.03,922.47,2941.71,104.64,6.58,0
2.17,77.94,788.09,2975.72,87.26,3.49,0
0.49,65.67,926.27,3098.37,77.12,5.08,0
1.37,67.31,941.82,3091.27,95.69,6.54,0
1.88,74.8,998.85,2896.75,78.99,4.97,0
1.4,70.84,984.09,2765.23,84.72,10.21,0
1.87,63.5,1143.6,3121.43,80.4,2.49,0
1.29,65.23,920.66,2744.85,73.09,5.73,0
1.98,75.27,1348.7,2915.25,77.07,5.07,0
2.86,67.83,1107.45,2842.28,73.85,7.05,0
2.28,79.9,1165.2,2947.81,88.11,12.01,0
2.57,62.53,1091.18,2840.55,69.71,6.32,0
4.12,82.35,942.05,2842.18,73.87,6.19,0
2.6,81.28,1181.82,3053.76,86.06,10.5,0
2.64,69.4,972.24,2892.43,97.15,7.9,0
2.35,72.44,1004.32,2843.41,103.11,8.95,0
1.49,64.85,989.73,2779.11,94.31,5.05,0
2.41,69.05,1128.55,3040.15,77.86,2.93,0
2.41,43.69,1146.77,2861.89,82.14,8.89,0
2.69,73.12,1169.15,2789.52,98.53,5.64,0
0.9,86.38,783.85,2683.8,89.48,4.27,0
1.22,76.19,966.76,2824.96,80.79,9.28,0
2.33,70.04,912.13,3058.95,66.1,6.83,0
2.76,73.38,829.9,2902.34,82.37,9.54,0
2.9,69.44,860.63,3000.73,88.74,4.83,0
1.69,66.12,1101.81,2973.22,87.94,7.64,0
1.99,68.89,821.36,2789.87,86.82,6.69,0
1.36,63.11,946.26,2840.73,106.17,7.4,0
1.79,84.62,1001.83,2763.55,95.97,9.85,0
1.7,72.06,753.79,2879.42,72.87,9.22,0
1.93,59.8,865.96,2881.57,68.77,5.63,0
1.91,71.95,804.31,2655.93,93.16,7.06,0
1.65,74.6,928.52,2924.96,80.65,6.29,0
2.01,71.81,1018.88,2808.42,79.74,7.26,0
2.44,62.62,1147.58,2861.4,100.41,6.19,0
1.99,73.93,901.04,2923.6,85.31,6.81,0
1.62,68.96,990.51,3062.64,96.31,9.34,0
1.35,77.01,940.08,2956.86,79.37,2.08,0
1.98,79.32,825.69,2987.75,87.28,5.21,0
1.01,53.84,1343.79,2767.64,66.08,8.38,0
3.29,77.66,835.43,2925.7,86.46,7.31,0
2.77,72.05,917.16,2965.52,80.89,7.96,0
3.28,74.49,820.5,2807.17,73.28,6.73,0
1.83,67.78,928.52,2810.96,97.72,7.99,0
1.55,75.17,785.38,2894.32,73.72,8.3,0
3.12,79.57,977.58,2995.57,94.66,7.71,0
3.05,61.91,593.11,3119.34,86.65,3.83,0
1.12,78.62,1162.45,2749.28,75.38,6.77,0
1.67,78.02,1191.79,3028.41,73.69,3.76,0
1.13,85.99,996.54,2958.39,89.92,8.0,0
2.9,67.4,1175.07,2931.61,66.17,6.35,0
2.83,62.19,1062.52,2862.36,81.08,7.27,0
0.67,66.82,887.68,2933.24,92.64,5.73,0
0.6,77.84,1292.94,2766.98,85.75,6.33,0
2.63,51.48,740.62,3158.36,92.78,5.2,0
2.65,55.76,954.18,2898.39,98.34,6.89,0
1.89,91.7,1144.62,2908.74,100.41,6.2,0
1.87,66.12,886.61,2967.64,83.97,10.88,0
1.92,72.22,1045.28,2926.08,89.12,11.08,0
1.63,68.87,1395.68,2794.22,72.92,4.09,0
2.4,84.21,946.33,3000.64,79.78,8.14,0
1.02,59.01,914.55,2885.35,66.52,3.48,0
3.57,66.13,1150.99,2895.91,101.29,7.82,0
2.88,81.4,745.86,2837.29,80.2,7.1,0
1.77,70.8,1096.35,2729.4,91.56,6.39,0
-0.02,78.6,1080.61,3105.21,97.89,8.63,0
1.26,67.76,1074.67,2663.51,70.59,8.99,0
3.66,83.11,909.26,3035.24,108.0,8.38,0
2.19,50.88,1139.34,2883.07,83.48,6.9,0
1.14,86.79,1199.88,2962.53,85.38,5.08,0
2.6,63.02,859.11,3016.5,91.12,6.57,0
1.62,66.94,1054.07,2896.23,98.64,5.12,0
2.75,62.88,1016.67,2827.65,69.73,7.45,0
1.5,49.93,1007.88,2916.87,82.34,4.11,0
1.57,71.13,1145.41,2989.58,69.85,7.18,0
0.56,65.54,966.73,2816.26,95.1,7.32,0
2.51,54.62,972.4,3057.41,72.02,6.75,0
3.39,75.72,1043.68,2939.59,78.11,6.47,0
2.11,80.54,905.25,2774.66,92.13,8.57,0
1.04,58.11,1124.4,2841.07,81.13,13.57,0
1.1,72.97,1059.08,2937.03,94.04,4.33,0
0.74,71.89,786.1,3063.01,88.54,5.76,0
2.94,60.49,986.94,2909.26,85.69,4.98,0
1.73,72.79,995.16,2930.63,86.84,8.01,0
2.56,77.5,1179.89,2910.18,71.06,6.63,0
1.76,67.63,1205.52,2923.07,103.69,5.95,0
2.45,79.62,960.17,2980.97,66.81,4.23,0
1.3,77.6,1195.39,2738.08,76.74,9.96,0
2.63,54.88,980.76,2823.79,89.33,7.81,0
3.93,90.93,715.05,2861.58,94.34,4.73,0
1.85,73.64,1079.18,2934.54,75.97,4.83,0
1.2,60.33,957.83,3004.81,83.78,6.48,0
1.82,64.02,798.2,2856.37,83.55,7.19,0
1.59,68.99,951.06,2880.19,84.97,7.71,0
2.59,49.78,1020.28,2890.4,79.19,6.44,0
1.2,59.2,799.08,2913.59,73.75,12.69,0
2.03,56.41,777.76,3093.59,62.52,10.48,0
1.87,64.76,607.28,2736.36,96.0,5.59,0
2.48,79.29,930.01,2879.06,83.4,7.08,0
1.28,72.91,877.84,3086.4,83.18,6.87,0
3.31,74.94,1076.45,2955.69,84.27,3.46,0
1.05,69.4,917.41,2873.41,101.78,3.74,0
2.9,67.08,1020.65,2962.97,81.08,8.02,0
1.79,79.73,1135.26,2941.91,101.01,1.84,0
2.65,61.12,965.64,2943.1,70.45,8.57,0
0.76,69.08,1073.72,2674.42,80.88,4.5,0
1.14,84.24,1221.38,2801.31,75.0,6.63,0
2.54,61.64,807.34,2901.64,100.08,6.92,0
1.94,80.35,897.97,2940.58,52.67,8.99,0
2.83,72.34,1054.68,2885.51,75.16,6.3,0
2.5,72.1,729.44,2941.04,79.82,4.34,0
2.24,72.11,985.25,2941.14,88.37,6.14,0
2.26,80.75,1065.92,2827.95,69.3,8.96,0
3.16,69.42,1027.3,2727.77,73.92,5.72,0
1.64,74.93,934.34,2944.58,62.09,7.24,0
1.88,91.96,1045.97,2952.75,70.22,7.02,0
1.59,71.64,987.66,3023.05,80.65,7.74,0
1.02,54.57,1200.55,2901.83,77.92,6.55,0
2.2,77.03,1089.87,3019.05,93.08,9.55,0
1.52,54.02,694.57,3055.12,96.21,9.87,0
1.77,75.89,915.89,3042.46,92.99,5.81,0
1.52,65.71,858.94,2777.68,88.85,5.89,0
2.3,67.33,762.67,2949.14,78.13,7.56,0
1.08,55.76,992.89,3026.86,75.18,6.26,0
2.09,85.33,1004.1,2874.2,93.6,6.44,0
1.56,47.88,901.92,3006.54,81.75,4.77,0
0.86,83.73,1153.77,2763.0,101.64,7.74,0
2.05,68.2,1292.25,2943.86,92.96,3.85,0
1.82,66.43,1028.78,2778.98,71.01,6.87,0
3.17,68.1,1141.18,3022.73,108.06,5.02,0
1.27,90.24,690.49,2893.36,85.68,6.99,0
2.25,71.85,1075.49,3018.19,101.48,7.4,0
1.19,53.92,750.84,2999.73,81.44,7.19,0
0.16,76.99,1075.64,2920.85,85.71,7.34,0
2.14,60.26,974.75,2871.63,77.59,5.27,0
2.04,56.34,809.58,2969.28,68.69,7.78,0
1.01,60.15,895.26,2969.37,88.9,2.96,0
2.08,59.45,822.7,2750.28,69.28,8.93,0
1.54,54.73,849.36,2802.2,87.17,4.35,0
1.72,82.07,774.02,2898.8,104.94,9.27,0
2.47,67.92,907.13,2883.32,98.49,6.98,0
2.54,55.16,835.24,2921.87,93.79,8.89,0
2.02,65.7,1145.53,2958.17,100.78,5.75,0
2.35,75.09,959.07,2854.1,97.37,5.56,0
2.57,85.09,662.08,2649.1,92.95,4.04,0
1.06,65.42,885.09,2757.87,54.81,9.69,0
2.44,72.03,865.3,3013.78,94.33,6.92,0
2.02,62.21,1117.62,2961.33,100.56,7.89,0
2.17,65.83,824.58,2839.97,85.66,7.92,0
1.34,71.11,1208.54,2725.52,69.23,11.31,0
2.12,60.3,1102.48,2798.4,92.79,6.64,0
1.67,59.1,1168.72,2920.2,85.95,4.67,0
1.44,72.44,1134.75,2876.64,76.68,5.31,0
0.58,75.71,775.12,3012.88,93.05,7.72,0
1.98,39.92,702.71,2836.57,79.7,7.79,0
1.59,54.34,768.26,3028.84,86.78,5.8,0
2.31,80.97,1321.87,2807.26,96.03,4.97,0
2.85,46.13,688.43,2856.77,70.23,7.99,0
2.4,45.74,1110.17,2947.96,75.8,9.74,0
2.38,82.84,796.94,2923.78,76.27,6.68,0
1.22,72.64,844.3,2958.46,84.4,5.66,0
2.65,73.96,1416.99,2900.31,92.8,8.88,0
1.61,69.37,891.85,2959.35,78.99,4.8,0
2.9,63.74,1268.1,2794.47,76.5,7.07,0
2.99,62.84,1190.91,2816.18,94.15,4.06,0
3.44,93.49,935.16,3004.82,93.52,7.33,0
2.15,73.59,1011.35,2869.44,84.92,7.96,0
-0.42,65.21,1004.76,2762.76,91.78,5.91,0
0.95,64.15,975.24,2873.68,67.85,8.28,0
2.22,64.91,982.95,2854.84,87.45,5.55,0
1.01,66.57,993.23,3006.42,73.21,9.53,0
2.51,88.13,1020.85,2722.01,91.73,4.74,0
0.4,73.07,933.28,3020.9,76.13,8.1,0
1.79,69.91,1103.64,2953.55,99.34,7.19,0
2.66,68.25,982.82,2801.25,76.49,8.11,0
1.25,60.34,956.71,2844.47,68.35,8.45,0
1.38,65.16,933.51,2888.68,81.12,7.34,0
1.39,68.39,796.27,2802.89,87.35,6.39,0
1.53,75.2,1190.19,3092.63,77.94,7.58,0
0.84,64.1,945.15,2992.8,85.26,4.95,0
2.48,78.92,877.9,2970.96,65.22,2.73,0
2.0,51.58,1049.52,2859.88,83.07,7.61,0
1.64,69.22,784.93,3016.3,87.01,8.69,0
1.89,84.53,1132.01,2890.61,99.94,8.66,0
2.96,66.53,807.16,3114.83,92.49,8.64,0
2.49,84.35,1017.52,2864.75,85.46,2.57,0
1.75,58.21,1121.39,2918.13,69.82,4.36,0
1.51,54.37,864.58,2994.29,82.55,4.45,0
2.07,63.89,761.48,2952.7,70.69,7.46,0
2.99,83.56,999.43,2825.77,106.16,7.23,0
3.14,72.77,1126.38,2856.49,83.17,7.99,0
1.89,74.2,786.67,3017.88,76.06,7.31,0
0.05,88.69,996.34,2908.13,85.32,7.65,0
2.23,64.82,1238.71,2914.88,97.47,7.95,0
2.21,56.27,1065.92,2906.08,90.88,6.62,0
2.31,69.94,922.72,2831.62,80.79,8.07,0
2.68,46.08,1308.67,2867.92,79.42,10.28,0
2.21,73.24,1135.98,2933.21,90.21,7.02,0
2.7,65.18,1009.68,3069.76,106.49,7.45,0
1.62,88.57,1053.65,2963.85,98.78,8.44,0
1.34,75.58,1164.77,2970.99,74.23,3.38,0
0.92,70.45,974.25,3026.63,91.85,4.66,0
1.76,51.41,1191.16,3038.32,84.11,6.08,0
1.47,77.98,1167.83,2948.01,95.69,5.44,0
2.66,67.44,961.16,2811.8,79.89,9.38,0
2.12,58.74,935.98,2855.42,79.95,4.76,0
1.74,61.43,876.87,3001.04,97.11,3.85,0
2.0,74.94,963.05,2867.61,68.62,10.63,0
1.72,70.98,676.94,3083.26,83.26,5.94,0
1.71,64.72,1045.96,2845.57,79.78,4.91,0
1.81,67.97,1080.67,2946.73,85.99,9.96,0
2.67,81.82,1065.24,2926.38,83.45,10.05,0
1.6,74.88,1006.14,3066.46,88.86,7.84,0
1.2,58.24,880.43,2962.77,85.15,6.42,0
1.98,81.72,914.63,2897.48,72.26,6.42,0
3.04,63.3,1238.56,3008.45,87.39,7.52,0
1.51,71.83,1058.94,2853.49,75.35,6.68,0
0.3,69.55,1298.71,2755.35,103.88,5.07,0
1.91,72.69,1243.49,2826.58,75.23,11.37,0
2.91,58.16,1072.95,2934.63,89.46,6.9,0
1.19,66.02,1035.98,2738.28,95.86,3.41,0
3.05,68.76,1093.46,2960.41,100.75,6.38,0
1.76,52.07,904.21,2887.76,82.29,5.99,0
2.27,57.36,1067.05,2746.97,86.03,6.15,0
1.69,80.36,850.25,2849.56,79.33,7.63,0
2.16,61.44,1102.88,2928.12,76.2,8.1,0
2.26,74.2,1000.11,2958.5,71.08,9.82,0
2.46,60.06,1146.36,2872.7,75.01,6.61,0
4.07,78.11,911.16,2928.12,77.49,6.78,0
2.95,76.55,1050.69,2881.78,79.13,7.64,0
2.79,50.31,1183.58,2805.35,85.09,4.61,0
1.85,70.35,1127.67,2987.9,84.06,5.42,0
2.34,75.14,1018.89,2988.53,88.14,10.92,0
1.15,61.07,1205.21,2866.65,86.21,5.29,0
2.36,71.59,793.67,2898.6,87.33,4.12,0
1.94,57.83,1005.23,2941.87,95.42,5.74,0
3.13,54.0,1315.79,2781.98,84.38,5.71,0
2.02,56.11,878.12,3014.03,88.46,7.59,0
1.15,59.84,1308.07,2901.05,96.9,8.35,0
2.23,68.5,1171.01,2824.68,90.16,6.98,0
1.81,62.72,1017.49,2767.37,78.27,9.34,0
2.33,66.28,952.34,2905.39,91.17,6.72,0
2.89,67.84,958.73,2914.0,75.32,5.04,0
2.51,69.93,1373.83,2899.82,78.49,5.48,0
2.39,62.11,1059.88,2929.72,64.98,4.96,0
2.14,68.05,1144.59,2874.74,73.73,4.68,0
2.41,62.76,977.9,2975.7,79.72,6.63,0
1.46,75.91,1029.15,3052.83,101.24,8.49,0
3.55,68.49,870.8,3012.12,84.33,5.91,0
2.1,66.34,1071.85,2852.92,87.0,7.21,0
0.92,58.93,1164.13,2821.58,83.5,4.13,0
2.7,82.96,1029.94,2926.25,103.96,4.82,0
2.47,64.75,991.19,2845.66,77.25,8.4,0
1.79,55.67,874.44,2888.64,95.65,8.87,0
1.24,68.36,981.53,2798.58,86.18,7.62,0
1.63,80.91,951.83,3074.59,86.39,7.59,0
2.95,78.28,1125.57,3199.28,71.86,6.73,0
1.06,86.09,967.88,2723.19,86.82,4.88,0
2.26,56.28,917.8,2897.8,82.25,9.11,0
1.28,79.79,858.69,2979.08,95.37,5.16,0
1.98,62.9,905.36,2987.78,90.99,6.73,0
2.32,63.86,832.89,2885.83,87.52,6.53,0
1.65,66.9,824.46,2823.81,105.6,3.44,0
2.8,60.32,1070.19,2943.59,96.33,8.07,0
3.22,73.8,817.39,2796.4,68.31,6.19,0
2.97,82.38,1172.9,2918.21,97.23,6.56,0
1.74,66.02,1025.72,2861.4,94.15,9.75,0
3.29,60.3,1129.53,2992.63,78.46,7.7,0
1.26,55.77,1077.82,2748.01,93.11,7.31,0
0.71,65.42,764.33,2907.9,93.96,7.35,0
1.19,50.31,865.97,2915.4,86.46,6.68,0
0.11,63.08,964.76,2692.76,70.1,5.61,0
2.72,65.52,1060.91,2820.51,73.96,5.45,0
1.14,64.14,1075.86,2994.75,94.55,9.46,0
2.07,55.26,864.79,2863.75,76.81,6.8,0
1.34,84.29,1250.7,2903.43,79.67,5.91,0
2.14,48.23,973.58,3016.44,78.37,6.34,0
2.55,68.18,941.81,2909.03,94.25,6.85,0
2.05,71.68,1159.02,2999.57,89.3,6.28,0
2.92,75.21,621.66,2915.06,83.01,11.75,0
2.16,62.85,989.47,2910.53,98.16,6.85,0
1.35,56.52,1163.77,2800.85,90.21,8.55,0
1.41,66.29,1005.63,2918.3,96.87,7.91,0
2.93,68.41,1162.23,2871.18,57.6,3.35,0
3.65,90.42,718.98,3013.62,83.15,6.67,0
1.97,68.78,1151.01,2946.64,75.35,7.12,0
2.37,77.93,1067.64,2846.2,65.87,5.31,0
0.91,71.45,771.96,2851.08,83.88,5.09,0
2.23,49.82,790.14,2857.63,91.69,8.08,0
1.0,61.72,1107.32,2782.26,89.03,6.61,0
2.64,78.58,965.84,2791.96,81.89,7.59,0
1.58,46.84,947.38,2908.39,78.11,8.34,0
2.41,80.7,874.87,2829.33,69.92,8.17,0
2.05,74.97,889.39,2837.08,100.16,6.5,0
1.77,75.83,1250.84,2978.91,96.97,3.63,0
2.71,52.14,774.93,2994.59,85.55,6.01,0
0.06,53.62,1100.84,2755.81,89.89,8.04,0
1.98,79.96,639.45,2879.77,87.92,10.08,0
3.19,68.19,877.39,2891.62,97.91,5.89,0
2.92,69.14,1334.72,2916.65,84.67,6.66,0
1.68,66.74,1128.72,2884.03,90.71,6.5,0
1.73,70.08,1079.63,2811.11,77.39,5.45,0
2.82,67.59,1121.44,2773.1,94.4,7.66,0
1.49,72.57,892.51,2724.31,104.69,3.78,0
2.39,75.86,1020.49,2803.66,81.33,9.7,0
2.68,83.03,775.79,2941.48,90.05,6.45,0
3.02,61.15,1174.89,2981.88,83.75,7.17,0
1.64,73.16,909.83,2896.17,80.73,5.57,0
2.86,64.49,1125.04,2701.92,89.01,5.78,0
3.5,74.64,1073.93,2784.26,92.64,6.36,0
1.47,58.28,768.33,2712.51,83.44,8.73,0
2.74,59.57,1000.17,2851.94,90.91,4.56,0
0.85,66.73,1115.71,2832.1,93.95,3.92,0
2.09,68.5,801.87,2660.39,85.4,5.09,0
2.54,73.2,1160.73,2955.74,93.88,6.99,0
1.66,49.24,1186.68,2943.55,80.64,9.57,0
1.4,57.72,762.91,3016.26,82.38,7.35,0
4.55,74.72,1066.26,3163.67,71.48,6.69,0
1.86,52.29,1251.02,2904.19,85.49,10.02,0
2.71,62.18,1015.44,2889.65,90.28,7.48,0
1.8,64.47,1060.49,2847.9,85.06,3.27,0
2.26,76.65,1177.15,2944.04,92.99,5.33,0
2.1,60.25,1100.86,2701.53,71.68,8.72,0
1.24,70.18,870.89,2923.51,79.8,7.21,0
1.61,72.26,737.14,2754.12,101.22,2.45,0
1.36,78.23,1012.3,2977.76,90.16,8.37,0
1.48,61.87,1096.62,2847.11,80.21,6.6,0
3.1,69.89,1024.19,3013.82,78.54,8.38,0
2.02,72.77,1096.88,2935.91,69.94,4.34,0
0.79,77.69,1031.56,2605.69,79.17,6.31,0
1.89,83.63,927.36,3045.38,72.33,6.03,0
1.21,59.5,1143.37,3003.27,101.78,7.48,0
1.83,75.68,1006.57,2881.28,80.7,7.8,0
1.42,84.47,914.32,2937.73,111.32,8.12,0
1.29,71.92,827.93,3002.75,80.09,7.98,0
2.72,70.87,1005.22,3119.04,96.86,10.11,0
3.29,73.48,1280.29,2980.49,94.16,3.94,0
2.12,58.98,917.89,3121.07,77.07,10.34,0
1.61,66.03,1045.29,2891.16,89.56,7.44,0
2.72,82.91,781.74,2709.38,82.74,7.62,0
0.74,90.15,877.58,2836.64,81.6,2.9,0
2.21,73.11,1175.77,2915.17,92.74,7.58,0
0.73,73.63,883.29,2994.44,86.97,7.73,0
0.56,63.92,1229.55,2799.59,89.87,8.72,0
2.06,86.41,993.11,2852.0,75.1,6.94,0
1.95,88.9,1022.16,3037.45,79.58,6.75,0
3.52,62.68,982.83,2868.33,81.82,9.5,0
1.36,67.6,874.45,2978.15,81.51,8.51,0
1.74,69.07,1123.35,3145.99,69.83,7.04,0
2.17,64.19,968.95,2787.61,87.51,9.93,0
2.54,75.71,869.05,2861.14,84.52,12.94,0
1.87,91.84,1072.09,2846.79,88.16,5.35,0
2.09,61.66,810.21,3005.78,95.28,9.81,0
0.5,75.15,1156.14,2752.33,80.78,4.67,0
3.07,57.21,890.99,2979.27,72.5,8.01,0
2.26,67.2,1080.13,2824.93,96.06,3.79,0
1.4,74.28,870.89,2793.23,79.98,7.54,0
1.75,75.38,1350.67,2983.65,84.6,9.84,0
0.83,79.13,1159.43,2880.46,90.07,7.12,0
1.83,73.61,765.31,2850.71,88.93,6.28,0
1.8,76.96,818.48,2764.71,85.87,8.3,0
2.8,69.21,1050.62,3003.14,77.94,7.32,0
1.05,60.15,942.78,2915.01,74.12,10.02,0
3.42,55.94,1019.87,3014.34,85.85,4.27,0
1.48,70.23,867.4,2878.48,74.92,9.72,0
2.34,76.33,1065.76,2887.51,77.26,9.77,0
2.78,65.12,975.71,2905.65,75.14,3.41,0
1.31,63.7,976.9,2875.66,94.62,6.09,0
3.01,42.96,1170.39,2883.99,82.58,9.39,0
1.18,75.93,908.24,3066.29,85.72,10.22,0
2.13,56.33,1236.92,2906.58,90.69,7.62,0
2.07,74.73,770.12,3064.14,91.12,9.1,0
1.56,70.18,812.32,3080.76,71.62,6.53,0
0.49,69.69,1130.73,2767.6,82.54,6.6,0
2.07,65.88,865.7,2678.42,75.46,5.6,0
1.97,86.43,1013.86,2817.47,104.01,8.09,0
1.09,49.22,976.22,2881.23,75.06,9.07,0
2.29,70.28,1067.27,2976.91,73.26,9.77,0
2.23,77.51,869.39,2814.9,75.47,5.07,0
2.19,65.29,867.44,3169.83,85.93,6.79,0
2.57,53.11,1283.83,2809.73,90.24,10.86,0
2.02,62.25,1038.64,2873.49,94.49,4.13,0
1.92,89.23,778.36,2835.88,97.24,7.44,0
3.13,64.52,944.23,3091.16,96.58,6.33,0
1.13,75.53,1009.55,2757.58,76.81,6.76,0
2.35,49.18,966.98,2979.81,77.91,7.86,0
2.13,72.43,1088.61,2983.15,82.32,2.33,0
1.48,58.77,1102.5,2913.89,76.54,6.91,0
1.82,101.52,997.51,2827.84,78.13,5.57,0
2.87,75.36,937.53,2855.34,91.46,8.31,0
2.15,75.86,1130.08,2875.34,103.12,6.37,0
2.78,83.25,874.65,2856.74,72.71,6.54,0
2.93,60.57,1358.2,2944.94,86.0,6.47,0
1.86,68.7,1108.37,2996.7,94.5,5.55,0
1.92,64.44,1007.4,2734.78,108.49,5.28,0
3.37,73.8,1089.71,2766.73,83.53,5.53,0
2.76,74.29,1396.3,2877.93,83.28,4.76,0
1.15,77.11,1153.84,2695.26,92.91,7.65,0
1.16,83.93,1011.18,3048.55,94.61,8.41,0
0.71,80.02,1225.04,2923.99,90.75,3.93,0
2.64,66.07,1051.18,2849.34,86.43,5.59,0
1.76,50.92,1128.16,2802.17,79.35,9.18,0
1.72,75.83,1153.01,2964.15,82.76,5.89,0
3.47,78.5,870.84,2934.32,102.65,7.04,0
2.8,62.63,925.4,2973.51,90.79,9.32,0
1.25,69.36,1016.44,2860.16,75.55,5.46,0
2.49,61.1,946.59,2819.85,72.57,5.89,0
1.79,71.76,1182.77,3023.68,77.69,5.95,0
2.41,73.02,1143.11,2516.33,85.87,7.01,0
1.65,68.04,1122.6,2907.96,86.22,6.82,0
2.57,54.67,1123.03,3120.65,81.39,8.78,0
2.15,72.43,745.75,3107.73,65.09,11.21,0
2.27,79.5,1129.38,2964.37,90.0,7.97,0
1.93,81.92,1010.4,2999.82,110.73,6.88,0
1.57,62.61,785.98,2910.77,91.94,6.69,0
2.68,55.23,866.39,2909.11,76.4,8.68,0
2.89,56.1,754.91,2960.41,86.41,5.44,0
1.22,79.96,911.93,2994.66,82.85,8.1,0
1.89,71.4,705.17,2968.23,92.81,3.95,0
1.86,74.62,767.83,2860.02,77.5,6.3,0
0.8,64.03,829.99,2881.08,85.13,6.81,0
1.93,82.3,1034.59,3071.84,88.98,6.22,0
0.87,73.79,911.82,2848.14,95.56,7.7,0
1.45,62.27,892.29,2926.88,85.09,4.72,0
1.66,66.51,1034.96,2867.68,93.55,4.51,0
1.97,56.67,1013.12,2922.91,87.17,6.9,0
1.51,82.5,828.5,3012.17,97.72,10.12,0
1.41,70.6,1010.82,2911.49,85.04,8.52,0
2.16,77.61,869.32,2797.48,79.72,3.68,0
1.5,78.88,975.59,2711.97,74.29,7.64,0
3.36,85.28,1014.03,2794.39,86.78,7.53,0
2.03,76.72,1111.8,2859.07,85.03,4.86,0
2.44,71.72,993.95,2967.65,86.94,6.05,0
2.1,58.21,1039.64,3237.74,96.55,3.66,0
3.19,54.02,1121.37,2921.12,94.17,8.66,0
3.74,79.6,953.44,2902.0,86.21,8.07,0
1.33,66.64,950.04,2765.04,95.45,6.13,0
0.72,53.88,1020.09,3033.86,85.14,6.83,0
2.06,66.54,1183.19,2882.61,96.98,6.17,0
2.59,72.24,1048.03,2898.96,84.21,6.53,0
3.31,88.56,1232.3,2921.28,84.37,6.82,0
3.29,79.5,799.51,3061.59,82.28,4.76,0
1.89,69.13,808.25,2991.41,80.3,7.02,0
3.1,69.08,884.38,2978.83,76.41,4.01,0
2.41,55.01,1256.1,3005.61,92.17,6.13,0
0.54,61.55,1067.91,2842.1,81.41,8.21,0
1.48,80.09,1027.75,2695.54,95.9,8.05,0
2.54,72.19,773.72,2715.17,97.17,3.82,0
-0.16,55.85,1086.47,2900.64,60.09,8.02,0
2.45,60.52,997.89,2832.83,81.09,2.65,0
0.94,68.17,1062.65,3045.54,82.01,8.59,0
1.81,72.6,1088.18,2994.59,94.95,5.3,0
1.96,75.82,822.05,2996.23,87.32,4.85,0
2.22,63.03,1130.32,2958.81,91.59,6.75,0
1.34,76.26,842.41,2894.2,89.17,4.74,0
2.04,75.52,1138.53,2897.76,79.84,6.02,0
2.42,75.35,1016.12,2840.9,91.79,5.49,0
2.24,78.88,1058.11,2944.01,77.9,11.47,0
1.31,57.67,1119.7,3109.11,80.2,4.74,0
1.53,78.48,1012.68,2759.76,82.52,6.51,0
1.61,56.33,1036.19,2844.5,67.95,5.9,0
2.2,66.79,1048.48,2743.19,63.85,5.61,0
1.54,59.91,713.3,2836.92,82.05,6.69,0
2.28,87.95,1192.57,2945.72,80.76,9.05,0
1.46,72.3,1194.25,2860.66,85.63,8.69,0
0.88,75.97,873.15,2872.31,87.49,5.55,0
2.19,74.98,1081.63,2823.76,82.24,7.63,0
2.23,76.66,1126.87,2823.96,73.41,5.66,0
2.74,58.24,976.25,2768.46,84.98,7.44,0
1.43,74.22,1077.11,2860.64,66.84,6.7,0
0.89,75.53,958.07,2704.84,92.96,6.11,0
1.3,71.72,1094.14,3056.03,78.89,6.4,0
1.85,78.9,868.83,3000.22,95.5,6.06,0
3.49,78.39,930.82,2938.24,79.86,2.69,0
2.43,78.55,962.84,2902.44,79.69,4.54,0
2.04,54.64,920.58,3035.35,75.01,8.35,0
1.54,83.29,978.77,2905.52,80.42,8.03,0
2.81,76.22,1019.6,3029.05,74.73,13.76,0
1.02,54.97,1099.31,2877.47,83.29,8.32,0
1.69,56.88,1142.32,2814.61,79.67,5.55,0
2.18,80.52,1178.29,2662.16,77.65,4.77,0
1.48,73.34,1177.24,2869.09,96.05,4.15,0
1.03,68.66,1022.33,2973.21,73.49,9.2,0
1.95,69.61,1079.65,2987.28,91.31,8.02,0
0.67,67.56,1382.35,2903.22,85.45,7.68,0
2.51,59.83,606.28,2929.14,74.01,7.7,0
1.28,76.12,1071.9,3044.37,88.42,6.08,0
2.21,77.57,915.72,3034.66,87.73,5.41,0
1.31,80.31,879.41,3016.41,87.74,10.67,0
0.7,74.69,673.27,3060.79,72.46,7.27,0
0.56,73.16,1079.65,2977.69,84.36,8.83,0
1.39,73.35,1174.96,2970.75,94.39,7.92,0
0.71,66.16,1126.47,2936.54,96.84,8.38,0
1.47,66.71,1102.84,2971.47,91.71,7.29,0
0.66,76.79,879.04,2978.52,79.59,7.76,0
2.15,72.5,1174.43,2896.08,73.35,6.31,0
2.6,67.37,901.95,2939.88,96.91,5.41,0
2.08,70.95,1202.63,2899.49,98.98,6.86,0
2.63,101.1,826.54,2695.05,87.25,9.42,0
1.01,76.07,1127.51,2937.35,91.29,5.71,0
1.91,62.66,996.37,3044.66,72.37,1.54,0
1.82,61.39,954.16,3008.31,81.57,9.73,0
1.91,74.1,1413.28,2720.58,75.09,7.63,0
2.17,84.1,853.23,2996.03,98.78,4.27,0
1.44,70.84,746.4,3030.0,92.33,6.9,0
2.22,78.9,1128.51,2845.49,88.13,5.06,0
2.03,77.89,1043.73,2996.48,95.22,5.85,0
2.66,75.75,1251.61,3081.68,85.66,7.5,0
2.01,75.01,879.22,2773.07,82.32,8.5,0
1.04,84.56,523.49,2769.89,80.0,4.87,0
1.56,74.57,835.71,2857.04,86.07,6.08,0
1.17,70.82,1180.37,2854.01,72.7,7.01,0
3.16,70.5,1161.53,3053.62,85.81,5.82,0
2.49,84.03,1109.64,2716.15,92.59,7.56,0
1.58,75.99,651.95,2987.9,97.16,6.39,0
1.79,70.07,674.55,2888.87,89.85,9.18,0
2.4,69.93,1002.91,2899.03,97.81,8.36,0
1.21,67.99,1096.84,2924.75,73.43,5.28,0
4.18,63.4,820.87,2929.91,87.67,7.76,0
2.76,58.62,853.78,2985.32,81.52,6.79,0
2.5,76.99,856.18,2983.32,88.81,2.32,0
1.15,82.75,1119.51,2792.53,79.22,6.48,0
1.59,78.97,1154.41,2893.27,83.69,9.47,0
1.25,47.94,962.09,2786.89,104.92,6.81,0
2.29,63.95,822.54,2902.11,105.36,7.43,0
2.9,73.98,1110.88,2909.72,98.77,5.04,0
2.53,59.0,1158.08,2895.85,96.88,7.27,0
2.06,75.11,1098.92,3091.2,87.44,9.35,0
2.71,79.02,937.08,2982.64,94.94,10.9,0
2.63,77.79,1042.87,3079.67,73.46,4.47,0
3.35,70.16,1214.1,2894.16,90.7,5.43,0
2.93,74.58,873.23,2814.65,89.97,5.5,0
1.48,66.29,889.15,2842.15,90.71,5.95,0
1.39,59.1,960.59,2919.51,91.06,5.71,0
2.16,63.48,893.81,2865.79,85.14,6.31,0
0.71,61.52,790.68,2949.89,91.82,6.38,0
2.77,69.94,994.91,2802.17,89.0,7.58,0
1.9,88.09,1076.05,3011.67,63.08,11.27,0
1.74,84.02,800.03,3136.54,96.42,6.2,0
2.66,59.08,1063.1,2955.29,76.33,8.27,0
4.46,59.67,692.45,3166.69,84.17,7.85,0
3.52,66.13,913.31,2806.34,84.7,4.95,0
1.8,76.96,1132.17,3010.62,89.87,8.22,0
1.8,80.72,810.4,2724.57,94.11,8.55,0
1.29,67.06,1059.31,2925.73,86.44,7.76,0
3.09,73.11,1039.64,2833.15,81.76,8.57,0
1.78,72.97,960.16,2766.76,103.48,10.74,0
1.54,65.21,974.46,2970.25,89.21,9.47,0
1.58,65.57,686.45,2863.22,100.32,9.19,0
2.61,76.98,902.4,2989.81,89.48,8.62,0
1.97,76.79,1176.02,2849.57,80.03,6.93,0
1.38,69.66,932.72,2913.81,88.83,5.46,0
3.5,78.2,924.81,2689.54,77.37,8.14,0
2.33,72.53,1067.11,2869.1,82.0,7.76,0
3.08,63.68,1212.13,2834.81,73.93,4.84,0
1.26,61.96,1045.79,3024.35,84.35,5.57,0
2.61,76.3,1249.56,2934.29,92.82,6.68,0
2.3,76.23,1193.91,2884.35,72.87,6.58,0
1.64,58.69,1202.67,2955.87,76.62,6.92,0
1.22,62.42,943.65,3105.98,68.29,5.39,0
1.78,71.95,1159.4,2980.07,90.36,7.24,0
1.59,65.48,1031.71,3025.45,71.88,5.62,0
2.24,59.14,1104.38,3032.82,97.69,6.96,0
1.0,74.55,1035.78,2711.39,75.09,10.04,0
2.27,68.49,1023.7,3017.99,83.67,2.22,0
2.38,65.34,1124.07,2762.79,85.69,8.05,0
1.62,85.73,1198.79,2806.32,91.53,7.82,0
1.32,67.96,876.47,2691.93,85.2,6.44,0
2.66,73.86,1040.18,3060.56,67.32,8.21,0
1.07,58.51,959.12,2839.22,87.94,5.95,0
2.91,76.66,948.91,2723.46,86.63,4.95,0
1.32,58.49,826.98,2879.42,78.73,8.51,0
1.63,72.41,925.52,2861.56,80.08,8.7,0
2.2,67.03,1139.24,2806.08,86.81,6.68,0
2.6,74.63,1075.02,3074.09,99.62,6.43,0
2.15,44.7,1096.68,2923.62,70.06,6.59,0
2.18,74.79,789.99,2759.29,82.48,8.68,0
1.94,69.18,927.58,2926.92,81.9,5.61,0
0.46,73.48,732.83,2878.42,93.81,6.85,0
2.88,71.81,1065.18,2935.38,80.66,8.13,0
2.04,65.44,942.15,2663.25,102.87,6.84,0
1.9,57.04,799.81,2885.06,65.74,5.82,0
1.98,65.13,665.43,2782.22,90.41,7.69,0
1.59,66.48,1156.01,2861.24,91.73,6.26,0
3.27,65.13,1262.22,2963.32,75.67,4.69,0
3.08,59.58,890.77,2870.22,77.34,6.32,0
3.51,57.97,1012.42,2910.26,91.11,6.54,0
2.38,63.5,969.16,2887.26,99.94,8.22,0
1.37,78.75,1088.09,2878.0,65.74,7.37,0
3.82,75.58,944.01,2911.71,69.7,4.16,0
2.38,69.38,1147.4,2812.25,112.68,6.4,0
2.58,67.59,1184.5,2893.63,74.04,5.98,0
3.97,70.34,915.77,2837.77,81.24,8.1,0
3.96,65.09,931.04,2967.51,87.19,7.07,0
1.85,59.13,917.04,2715.97,78.44,5.4,0
1.1,54.51,1168.36,3019.13,71.85,7.5,0
2.22,68.23,1230.17,2753.95,80.65,7.8,0
1.96,62.53,671.31,3067.71,101.77,2.95,0
2.52,67.94,1164.48,2852.31,76.93,5.72,0
3.2,68.04,978.51,2986.53,68.24,10.06,0
0.58,64.84,806.42,2905.31,98.3,6.37,0
1.52,85.63,921.68,2932.25,101.1,7.5,0
2.32,64.08,897.79,2671.42,60.13,5.64,0
0.76,87.39,925.76,2968.17,81.25,6.19,0
1.65,78.85,1064.83,2806.76,99.14,8.26,0
1.61,76.26,798.99,2742.86,100.37,7.11,0
1.67,49.0,847.83,3022.39,69.7,9.84,0
2.27,73.68,908.8,3060.54,74.92,8.47,0
2.2,56.01,1034.93,2801.77,88.47,9.74,0
2.05,79.79,925.36,2996.25,100.69,10.7,0
1.15,70.85,1172.45,2777.38,77.12,4.67,0
2.38,61.92,1044.49,3119.66,91.57,7.21,0
1.88,85.32,1204.02,2846.81,66.92,8.08,0
2.07,61.82,1461.53,2763.59,75.6,4.32,0
1.66,71.24,1145.17,2821.74,80.42,7.58,0
2.3,66.49,1022.04,2784.31,84.11,9.77,0
1.26,61.7,1190.15,2976.75,99.34,7.5,0
3.24,75.23,1043.31,2899.83,71.23,4.86,0
2.46,71.45,1028.64,2931.05,67.91,6.45,0
1.37,74.18,826.43,3008.95,81.57,8.37,0
1.36,80.45,747.3,2939.95,84.34,6.09,0
0.02,72.49,988.62,3013.74,83.29,7.22,0
3.15,80.24,797.42,2903.26,88.34,7.06,0
2.42,90.12,896.95,2844.32,82.84,6.04,0
1.1,80.91,876.08,2737.45,81.12,5.97,0
2.67,73.87,928.63,3104.87,84.05,6.84,0
1.72,65.15,1095.4,2784.69,93.87,9.51,0
1.67,74.63,847.34,2959.75,83.11,6.95,0
1.27,63.22,1033.47,2905.84,72.05,4.28,0
2.92,78.54,1090.57,2968.7,80.87,7.11,0
0.82,85.54,1100.64,3095.31,76.0,8.17,0
3.12,81.94,1082.78,2991.26,73.12,10.38,0
2.47,65.36,709.49,2894.03,84.36,7.07,0
0.23,64.69,998.52,2727.4,97.02,3.64,0
2.66,89.87,840.37,2914.3,78.83,4.78,0
1.82,61.2,981.4,2932.47,90.33,6.49,0
2.26,75.63,914.58,3005.0,97.13,7.48,0
3.34,86.85,817.11,2939.9,75.76,3.41,0
2.01,82.31,876.69,2996.78,70.49,5.47,0
1.31,74.21,797.12,2836.98,98.43,7.6,0
0.5,62.58,1034.12,2772.85,87.47,4.42,0
3.75,74.62,885.8,2729.83,80.45,4.83,0
1.19,83.41,1241.43,2890.71,66.57,10.44,0
1.55,67.48,1014.98,2918.78,86.87,5.99,0
1.67,70.04,928.87,2844.49,67.95,8.3,0
2.96,89.63,1094.87,2979.8,73.79,6.55,0
1.74,84.82,1071.3,2747.77,82.17,7.19,0
2.08,64.02,1072.11,2821.28,85.52,4.91,0
3.66,64.94,1206.09,2858.61,80.24,5.82,0
1.6,84.22,1224.51,2920.34,92.8,6.58,0
2.23,89.54,1149.07,2976.64,101.64,9.66,0
2.55,67.69,1078.48,3053.91,73.37,7.88,0
2.5,50.8,965.59,2769.52,99.93,8.95,0
2.63,69.55,994.82,2969.52,87.97,4.83,0
2.93,66.13,791.09,2808.97,81.37,4.96,0
1.03,78.6,1242.45,2887.35,69.55,8.8,0
2.54,80.35,965.34,2870.95,71.34,7.49,0
1.42,51.54,1208.98,3007.25,95.58,5.79,0
2.17,60.7,1125.9,3042.88,85.82,8.15,0
3.67,62.33,1208.35,3067.29,82.72,7.63,0
1.35,89.93,966.15,2664.95,87.57,8.31,0
2.48,87.19,1019.29,2809.31,83.6,7.11,0
1.9,76.93,575.15,3023.07,82.0,8.94,0
2.26,56.61,697.4,2871.79,94.53,9.19,0
1.99,69.86,962.71,2944.17,81.09,3.85,0
2.02,77.22,562.86,3039.92,95.51,7.98,0
2.04,55.03,1130.92,3043.43,67.32,3.66,0
2.65,56.19,1125.66,2839.27,79.54,6.23,0
2.66,62.14,1057.96,2989.01,75.62,7.07,0
2.88,93.64,919.1,2854.61,72.89,8.93,0
1.83,80.73,768.26,2891.15,87.38,5.3,0
1.48,63.5,855.08,2928.48,81.99,8.98,0
1.84,67.91,1063.8,2968.74,90.6,4.32,0
2.44,76.83,1164.41,2790.11,88.33,6.61,0
1.53,70.38,890.05,2786.79,86.85,5.91,0
3.02,62.37,899.92,2997.64,83.01,8.04,0
2.09,78.87,1189.23,2857.88,83.53,3.25,0
2.2,66.69,915.16,2813.21,84.01,4.35,0
2.61,84.48,904.36,2792.05,78.37,7.15,0
1.83,56.78,1005.33,2856.42,80.55,8.82,0
1.43,56.49,871.57,2882.72,100.25,4.45,0
0.87,82.45,1249.8,2898.77,78.86,7.68,0
1.38,66.4,1032.5,2999.71,87.08,6.65,0
1.81,56.74,954.5,3012.74,86.33,5.51,0
1.61,65.87,967.17,2787.02,68.97,4.34,0
2.07,72.6,1114.94,2817.62,66.85,9.62,0
3.85,60.36,843.97,3019.11,87.96,8.11,0
0.51,60.43,1291.78,2885.31,86.35,3.75,0
1.62,59.15,1107.76,2974.93,82.75,9.37,0
2.55,73.44,726.84,2678.02,80.74,8.53,0
1.98,78.69,1053.44,2968.45,75.12,8.36,0
2.19,79.68,957.52,3083.39,98.69,9.94,0
1.34,75.71,1222.29,3099.2,81.93,4.67,0
1.55,73.4,879.66,2845.64,82.77,6.63,0
2.33,77.9,1036.91,2899.76,91.26,5.92,0
0.71,69.51,910.35,2760.03,68.43,8.84,0
1.62,70.33,1055.53,2875.06,89.71,7.25,0
2.05,67.7,984.93,2858.66,87.78,7.43,0
2.78,57.43,1105.52,2757.6,93.17,7.36,0
1.14,60.76,991.39,2903.24,76.53,4.17,0
1.46,84.44,1093.51,2689.31,98.29,9.33,0
1.28,63.1,1093.99,2756.63,99.79,7.79,0
1.8,54.69,971.76,2799.87,80.76,9.54,0
2.16,68.69,958.37,2934.61,102.63,5.89,0
2.37,66.3,1023.71,2661.51,89.34,7.39,0
1.21,72.25,998.78,2705.84,83.47,5.69,0
2.01,68.26,674.26,2936.58,87.82,7.15,0
2.93,69.76,1081.87,2873.55,82.77,4.77,0
0.85,59.8,1029.44,2823.37,76.8,3.76,0
3.15,75.65,907.96,2989.42,76.2,5.6,0
2.1,66.66,838.02,2882.05,91.84,7.82,0
3.41,78.11,1217.82,2795.52,84.32,6.63,0
2.32,58.52,1002.12,3078.39,82.37,11.34,0
3.31,75.72,1153.23,2804.54,92.34,6.4,0
1.0,75.14,1178.97,2807.78,77.34,6.35,0
1.48,78.3,815.62,2877.65,83.72,5.82,0
-0.59,67.71,999.11,2743.2,75.23,3.42,0
2.73,85.38,955.12,2811.61,90.31,3.66,0
1.95,81.7,852.32,2860.69,87.14,5.75,0
3.7,58.77,1121.34,2914.73,75.64,7.77,0
1.26,80.47,1031.42,2728.94,83.83,4.64,0
2.83,60.82,912.33,2831.95,74.24,7.0,0
0.78,80.18,887.6,2961.49,73.77,8.65,0
2.36,73.91,915.04,3193.54,74.42,5.86,0
1.43,73.41,1273.08,2933.19,88.04,5.65,0
1.61,72.71,966.77,2950.97,105.46,5.51,0
3.01,75.51,823.46,2981.17,90.3,5.32,0
1.37,62.78,839.47,2956.83,63.44,5.99,0
2.49,57.62,1115.77,2873.44,88.47,7.47,0
3.72,69.17,988.09,2703.67,89.63,5.24,0
1.55,77.43,1258.93,2900.88,103.42,5.02,0
1.34,70.76,931.95,3020.19,99.15,7.74,0
0.38,60.78,849.16,3004.84,82.24,6.77,0
2.25,72.39,574.37,2932.4,107.41,7.37,0
2.72,64.2,1171.9,2987.22,75.11,4.39,0
1.45,84.87,953.55,2982.21,84.51,8.23,0
2.29,76.82,1008.38,2790.31,91.27,5.81,0
1.53,69.33,1216.29,2678.24,85.22,6.88,0
1.61,61.68,697.01,2903.35,86.77,7.66,0
2.68,70.69,1098.31,2985.98,78.52,5.51,0
2.25,74.82,1097.85,2944.23,101.01,6.85,0
1.91,71.77,1257.86,3008.64,81.29,4.73,0
1.5,63.09,874.17,2837.08,86.27,10.21,0
2.22,62.16,1102.95,3065.06,74.96,1.11,0
2.4,64.53,865.55,2933.34,94.81,6.55,0
1.04,86.73,1118.78,2850.09,102.38,6.99,0
3.27,57.08,1245.26,2929.72,74.12,8.08,0
2.53,83.81,1140.62,2880.45,88.93,10.46,0
1.73,83.4,914.4,3019.72,89.29,8.72,0
1.69,53.93,1196.53,2915.81,93.26,10.12,0
2.06,65.63,1063.27,3106.42,67.85,4.65,0
1.52,78.26,1193.69,2949.2,79.92,4.88,0
2.41,67.65,1002.9,2890.32,93.97,10.35,0
1.0,56.34,859.66,2912.43,94.44,6.15,0
2.31,72.61,863.08,2977.69,84.81,7.48,0
1.8,69.47,1000.24,2942.24,89.01,6.85,0
3.4,73.89,1074.37,2905.5,85.38,6.46,0
2.05,87.59,1105.22,2752.55,96.52,6.23,0
2.94,72.81,795.25,2895.87,70.18,8.28,0
2.12,71.43,1051.61,2810.27,71.5,9.36,0
1.4,58.88,1143.68,2846.12,78.1,9.22,0
2.27,96.21,1043.64,2829.24,67.55,8.01,0
3.02,69.5,1071.01,2944.98,81.65,8.16,0
2.05,52.24,1052.25,2834.7,99.2,8.58,0
2.57,70.38,821.66,3001.08,89.22,8.99,0
2.52,80.96,1240.65,2863.28,89.56,8.72,0
2.1,78.58,1238.9,2836.67,83.07,7.97,0
1.09,74.09,865.33,2845.02,90.92,6.43,0
2.29,59.71,926.84,2868.47,77.93,4.64,0
2.5,65.92,524.44,2818.51,70.16,6.91,0
1.64,61.05,987.86,2918.03,81.98,9.73,0
2.45,56.47,1161.15,2926.81,92.2,7.87,0
2.0,60.75,1003.93,2827.1,89.03,5.67,0
1.52,70.86,1077.7,2895.57,87.96,4.1,0
2.87,54.78,1074.46,2971.52,84.3,9.22,0
2.99,79.24,1016.77,2737.27,84.93,6.92,0
1.91,73.28,1108.42,2869.92,92.74,7.97,0
3.08,70.03,1177.64,2826.65,98.47,10.55,0
3.2,78.48,919.79,3006.88,105.55,6.81,0
0.96,63.76,850.84,2696.76,98.76,9.59,0
1.14,74.92,762.46,2986.42,87.65,6.19,0
1.93,58.1,1057.63,2828.28,88.02,7.45,0
1.82,48.47,967.89,2828.0,93.84,8.89,0
0.35,63.65,1100.79,2943.24,83.58,6.29,0
1.97,76.2,1100.33,2836.92,101.06,9.28,0
2.57,80.97,1056.91,2807.59,71.34,7.39,0
2.31,51.23,809.5,2925.74,83.93,6.57,0
0.64,82.0,900.19,3075.09,74.34,7.33,0
0.9,72.11,1192.14,3156.05,73.45,7.08,0
3.3,63.93,775.41,2791.16,81.64,4.37,0
2.06,47.53,1044.25,2771.4,100.43,7.36,0
0.63,43.64,1358.26,2955.1,85.33,3.17,0
2.57,70.58,938.97,3016.34,99.9,6.71,0
1.78,69.57,964.61,2831.35,69.02,7.39,0
0.37,65.43,961.56,3033.93,79.79,5.82,0
1.94,61.37,1039.84,2878.5,88.36,6.64,0
1.32,76.93,1098.66,2938.57,90.16,8.25,0
0.59,69.36,1014.67,2810.94,92.25,7.02,0
0.79,66.08,989.57,2970.27,72.55,8.61,0
1.64,80.6,821.95,2924.09,81.17,6.81,0
2.55,67.97,837.08,2864.2,90.73,10.0,0
2.69,76.17,1158.67,2833.43,78.94,8.56,0
2.17,76.84,911.63,2936.9,80.13,5.81,0
2.42,71.75,965.3,2836.38,92.65,9.65,0
2.02,74.74,987.59,2787.96,88.42,8.79,0
1.38,58.69,927.56,2800.64,96.48,6.77,0
5.08,82.36,917.35,2830.49,91.69,6.84,0
2.46,68.44,1025.2,2947.31,103.69,7.41,0
2.01,76.07,857.49,2947.62,94.8,8.93,0
2.18,74.2,880.58,2909.21,82.97,4.46,0
1.68,74.83,1099.81,2943.71,73.44,7.38,0
2.55,79.22,844.44,3144.12,83.45,11.54,0
2.32,66.86,895.08,2814.91,65.58,11.72,0
1.91,73.67,1220.66,3087.11,89.99,3.11,0
2.91,64.52,1141.78,2829.71,77.46,6.74,0
3.23,99.85,913.54,2843.49,95.73,5.06,0
2.41,58.83,992.03,2724.46,80.01,6.89,0
1.34,61.49,1037.7,2874.2,93.01,10.61,0
2.76,71.6,1075.12,2876.22,68.35,6.73,0
2.52,75.02,868.23,2946.64,64.98,5.45,0
2.26,67.7,1129.22,2842.19,78.15,8.31,0
1.77,47.81,1165.87,2722.95,100.88,6.66,0
1.99,70.86,1103.92,2992.81,96.67,6.19,0
1.75,81.17,1111.37,2952.07,83.5,8.88,0
1.98,68.75,1123.42,2938.6,84.81,4.92,0
1.87,67.45,841.73,2910.91,66.87,2.04,0
2.69,75.49,1072.04,2784.8,83.45,4.55,0
3.18,75.47,755.3,2824.93,93.92,6.18,0
1.39,94.27,1086.6,2898.85,85.47,6.07,0
2.84,81.13,1311.26,2894.89,82.13,8.51,0
0.9,63.71,1177.02,2901.61,89.35,9.17,0
2.94,61.32,1012.19,2765.27,84.71,6.31,0
3.47,73.9,1053.55,2854.48,73.2,5.77,0
0.94,88.71,1061.45,2765.01,89.89,6.44,0
2.39,51.2,1088.88,2966.66,82.6,6.44,0
1.28,54.14,908.75,2940.91,84.88,6.68,0
1.54,90.88,994.19,2767.77,78.21,3.55,0
2.76,80.21,1143.29,2847.34,87.95,8.65,0
3.5,64.35,927.38,2819.4,95.72,8.1,0
2.27,56.22,1211.04,3009.48,80.63,9.01,0
2.12,74.33,980.7,3003.07,91.95,4.92,0
2.7,78.95,1088.11,2822.06,84.86,5.72,0
1.58,66.92,1086.7,2925.68,93.81,6.22,0
2.41,64.64,791.82,2848.41,81.56,6.07,0
1.33,62.9,851.07,2817.42,86.89,0.25,0
2.15,79.18,1190.89,2870.73,77.65,8.87,0
2.7,79.76,1076.52,2915.14,67.99,7.52,0
1.39,67.05,970.27,3069.35,75.23,8.02,0
2.41,52.93,1114.58,2807.46,86.21,5.53,0
3.72,65.83,971.37,2902.23,82.86,8.32,0
2.77,60.81,1079.03,2727.42,86.49,6.35,0
3.16,75.56,1142.7,2903.21,59.79,4.63,0
2.4,60.74,1036.46,2824.51,72.02,7.67,0
1.97,60.48,869.61,2788.21,63.73,8.95,0
0.43,70.19,951.39,2914.43,89.46,5.63,0
2.13,75.57,1119.19,2947.46,70.08,8.02,0
2.31,88.88,1002.4,2924.5,87.75,1.07,0
1.1,65.86,986.21,2854.45,70.91,10.02,0
2.54,61.4,688.8,2888.23,80.65,6.94,0
1.96,50.92,1040.95,2963.53,90.84,7.73,0
1.83,68.45,830.47,2719.07,95.44,8.22,0
2.79,73.34,972.38,2935.53,86.21,6.58,0
1.2,57.58,1437.73,3024.34,100.91,6.5,0
3.24,72.58,1020.6,2807.18,87.72,6.9,0
2.19,70.77,998.37,3053.92,85.32,7.36,0
0.94,63.59,1088.72,2629.67,89.24,5.9,0
2.23,74.86,924.46,3017.83,83.38,9.29,0
1.39,67.88,920.62,2705.35,79.92,7.74,0
2.16,74.88,1102.03,2933.94,68.95,5.81,0
2.59,88.04,1046.11,2865.18,73.76,4.44,0
1.2,70.72,1077.72,2922.39,66.42,11.85,0
2.14,68.09,876.31,2892.51,86.03,4.75,0
0.92,85.16,1341.37,2854.97,89.12,9.99,0
1.77,94.12,1048.84,2802.77,84.06,10.61,0
1.66,58.7,1111.99,2794.98,78.15,12.02,0
3.26,68.77,981.36,3002.16,99.34,5.52,0
3.16,60.4,1018.52,2595.53,72.5,3.35,0
1.64,53.45,1136.19,2945.62,90.37,11.35,0
1.71,72.89,938.88,2933.9,87.59,5.06,0
2.38,41.68,722.05,2726.22,92.27,9.19,0
2.27,74.49,1032.07,2771.24,92.27,5.92,0
2.23,71.9,944.66,2817.78,83.79,8.69,0
1.69,66.11,706.74,2798.21,94.91,5.49,0
1.55,90.9,903.16,2938.14,73.26,6.32,0
1.51,51.3,1156.06,2854.87,103.48,7.2,0
3.44,81.54,1055.13,2809.03,74.75,5.74,0
3.24,65.89,969.9,2985.16,86.76,10.1,0
0.79,65.37,933.05,2941.2,98.23,5.82,0
1.99,90.24,962.64,2823.84,84.33,5.88,0
2.16,82.0,1032.8,2840.04,82.32,5.24,0
2.51,75.52,1002.35,3021.07,101.65,6.1,0
1.56,65.49,981.27,2901.8,85.66,8.04,0
3.84,77.32,1155.08,2854.33,84.04,6.67,0
1.33,54.81,804.76,2896.34,97.43,9.93,0
1.15,56.37,749.07,2869.4,96.94,6.5,0
1.54,80.38,1270.21,2930.14,72.91,5.62,0
3.14,64.16,1082.45,2924.18,75.74,2.75,0
2.95,56.03,850.72,3039.54,88.92,10.36,0
1.49,57.13,937.81,3136.93,80.67,7.53,0
1.56,83.26,808.96,2972.45,84.55,6.4,0
1.02,63.38,1107.38,2829.63,94.02,6.53,0
1.58,65.29,830.79,2852.64,87.69,8.97,0
1.49,80.83,885.08,2762.44,80.2,7.42,0
3.96,54.53,977.41,2940.81,96.95,6.87,0
0.67,53.7,1012.16,2816.57,105.27,5.06,0
2.02,81.36,762.64,2891.74,93.27,5.82,0
2.26,57.5,738.67,2957.89,90.11,5.27,0
1.69,76.05,918.09,2946.0,87.02,8.39,0
2.55,67.63,911.58,2893.28,83.91,12.05,0
1.97,79.32,1251.0,2794.53,86.14,3.73,0
2.84,87.47,1077.9,2829.61,70.8,8.73,0
1.14,60.51,979.87,3043.64,100.43,7.03,0
0.98,85.21,789.36,2877.42,78.63,9.59,0
2.22,74.67,994.02,2990.5,82.18,11.67,0
2.17,77.77,1380.91,2923.61,76.7,4.68,0
2.49,65.48,1020.3,3025.53,83.8,6.23,0
2.34,82.06,927.9,2728.23,93.63,8.13,0
2.02,58.94,1122.53,2977.0,83.96,6.76,0
1.94,68.13,838.95,2918.3,65.21,6.38,0
2.37,40.09,1006.91,2907.84,78.88,5.11,0
2.82,65.3,1149.17,2831.43,84.65,5.37,0
2.86,58.52,1030.25,2834.34,85.23,9.17,0
2.45,73.24,1060.04,2885.29,93.69,8.11,0
2.75,72.66,1096.9,2982.03,94.06,5.46,0
2.49,68.09,1011.72,3035.93,86.15,7.93,0
1.33,65.63,644.25,2804.9,108.46,7.64,0
1.75,69.34,1306.31,2969.59,71.0,4.37,0
2.14,79.97,1154.32,3098.36,87.92,6.74,0
2.5,66.08,1010.21,3145.24,82.5,5.56,0
2.78,67.53,883.53,2797.67,73.2,5.93,0
1.65,69.31,1126.58,2835.83,89.16,12.2,0
3.13,82.72,1080.46,2848.51,84.59,9.65,0
1.59,72.64,913.88,2833.9,88.81,6.37,0
2.85,72.0,901.14,3012.15,82.99,8.82,0
2.07,75.43,896.15,2828.45,95.45,7.43,0
2.71,61.54,1109.34,2794.12,85.52,8.81,0
1.91,77.2,1041.49,2863.14,68.13,5.34,0
0.81,71.06,1007.53,2858.1,77.68,7.06,0
1.76,57.07,1179.32,2980.7,93.31,8.18,0
2.83,79.11,762.67,2912.22,92.78,6.27,0
0.82,60.44,910.51,3011.97,93.72,6.24,0
2.16,89.87,1068.04,2802.17,87.3,5.17,0
3.16,56.32,1058.9,2837.41,78.74,7.96,0
2.53,64.9,862.3,2809.96,80.96,6.8,0
1.85,50.88,1065.4,2604.58,83.26,8.33,0
1.28,72.7,1014.67,2898.44,92.4,5.5,0
1.63,84.84,921.16,2866.07,73.79,9.54,0
3.0,51.79,1022.44,2986.34,81.18,4.44,0
1.62,64.3,997.86,3004.73,79.47,7.45,0
2.18,73.53,958.94,3007.52,77.0,5.39,0
1.75,67.41,897.45,2794.35,67.61,4.84,0
1.65,82.23,1103.37,3024.97,99.34,5.91,0
1.63,59.43,989.55,2896.09,85.8,7.2,0
2.08,64.71,961.36,3096.69,75.28,4.79,0
1.59,63.91,934.58,3036.81,82.49,7.97,0
1.56,51.82,855.13,3005.22,81.24,4.94,0
1.92,80.71,1062.62,3002.92,87.69,6.77,0
2.52,86.49,1040.86,2786.58,69.67,6.78,0
2.7,78.56,883.15,2898.95,70.91,6.77,0
0.98,62.93,1187.88,2857.17,99.66,6.96,0
1.55,75.8,1303.39,2875.21,81.61,7.27,0
2.02,74.95,1019.41,3051.54,85.55,11.24,0
0.99,65.91,725.55,2788.77,93.53,9.05,0
2.57,75.84,889.2,2808.84,92.53,10.91,0
1.18,80.42,938.13,2978.2,68.9,6.32,0
2.35,61.36,877.35,3128.88,89.05,5.45,0
0.24,74.2,777.55,2940.0,57.55,6.61,0
0.84,69.06,929.99,2877.31,80.11,8.87,0
3.48,62.7,1178.66,2720.59,96.49,8.75,0
1.95,71.44,1063.58,3018.0,81.19,8.06,0
3.25,50.49,1122.91,2712.5,106.56,6.0,0
1.7,58.73,1155.58,3027.47,65.96,5.76,0
1.55,69.43,910.03,2862.45,75.14,8.06,0
0.78,73.1,998.0,3066.56,86.03,5.61,0
2.96,68.14,1145.81,2822.78,89.7,9.87,0
1.44,58.83,1098.16,2881.59,98.91,4.4,0
2.11,50.33,1112.63,2889.01,90.71,6.28,0
1.18,71.4,873.64,2957.4,76.97,4.99,0
3.03,71.54,963.4,2950.93,85.44,9.06,0
2.16,67.51,1125.67,3036.55,81.64,10.49,0
1.64,72.34,1026.99,2938.14,79.25,5.31,0
2.89,72.51,1117.5,2929.39,80.49,9.47,0
3.44,83.18,1204.51,2851.61,89.34,4.92,0
3.15,77.4,1062.37,3050.27,100.25,8.45,0
1.93,68.61,1242.82,2721.94,93.57,6.86,0
1.82,56.93,818.84,3002.2,100.8,4.63,0
2.16,74.91,1154.03,2909.12,86.9,3.52,0
0.72,63.7,872.54,2866.05,95.57,8.64,0
3.06,63.88,1098.86,3179.22,97.69,8.64,0
2.51,65.16,903.84,3076.49,63.02,7.14,0
2.36,86.55,1011.84,2963.09,81.76,7.48,0
2.46,80.49,883.62,2748.62,90.7,7.83,0
2.37,62.44,810.58,2894.2,84.62,10.46,0
1.92,68.03,1079.6,2964.69,67.58,10.97,0
2.15,75.53,1180.39,2914.24,92.34,5.53,0
0.69,65.35,900.48,2831.56,80.45,7.46,0
1.86,70.44,1005.64,2767.22,82.41,8.31,0
3.16,57.91,1104.84,2807.56,96.36,6.48,0
1.0,66.99,820.04,2946.13,97.52,5.15,0
2.28,67.17,1388.19,2757.71,81.88,9.95,0
1.81,58.38,1193.61,2903.97,93.77,8.29,0
3.33,52.54,952.8,2871.15,80.03,3.95,0
1.96,74.51,799.62,2920.24,64.41,7.6,0
1.45,75.72,917.81,2782.91,90.81,0.93,0
0.78,57.07,1163.82,2867.35,89.08,7.84,0
1.14,73.61,877.21,2953.98,69.26,8.22,0
1.61,64.13,1022.42,3005.96,94.54,10.9,0
3.11,87.35,1054.06,2947.05,93.2,5.99,0
2.94,62.16,1059.9,2709.08,79.03,6.06,0
2.85,67.11,973.71,2860.66,69.74,9.97,0
2.41,62.91,838.22,2905.82,97.32,10.52,0
2.66,56.28,1016.08,2920.89,93.09,5.86,0
2.61,57.42,1135.08,2759.3,82.79,6.98,0
1.71,66.64,924.11,2853.07,89.42,1.4,0
2.43,74.66,939.73,3032.1,73.75,8.02,0
2.47,81.59,1173.98,3072.8,73.11,9.23,0
3.48,49.5,1124.09,2976.42,76.81,8.01,0
2.55,77.15,1357.26,3003.8,75.78,9.37,0
2.84,72.24,1115.61,2844.47,106.72,7.16,0
3.26,61.89,910.67,2877.2,62.97,5.85,0
4.02,76.1,950.38,2824.03,95.3,5.02,0
1.63,79.87,1102.2,2910.8,74.11,5.57,0
1.63,69.24,826.95,2809.34,90.61,7.45,0
2.18,71.7,949.47,2876.89,96.91,6.27,0
1.59,66.57,1154.42,2930.61,103.48,7.03,0
2.19,66.8,1113.21,2995.8,90.63,6.8,0
1.97,70.59,723.01,3031.12,87.08,2.88,0
0.47,71.52,1029.91,2966.35,83.62,7.43,0
0.62,61.65,1070.96,2797.39,92.8,6.08,0
0.9,74.54,1083.4,2849.71,94.79,4.35,0
1.36,63.42,993.81,2912.65,74.8,7.02,0
3.61,70.34,1259.68,3041.95,93.29,3.63,0
0.91,87.55,935.67,2868.39,91.71,5.48,0
2.45,66.63,1044.21,2838.39,97.23,4.46,0
2.4,58.89,997.02,2969.32,101.17,5.86,0
2.22,88.18,1310.23,2716.42,105.08,3.66,0
1.92,62.67,1046.17,2904.41,80.7,8.17,0
1.89,72.47,983.91,2697.23,77.3,8.03,0
2.2,72.02,841.6,2769.22,90.56,9.28,0
2.18,87.03,1075.92,2907.8,85.72,7.09,0
1.75,57.31,1271.14,3028.28,88.61,11.0,0
3.73,76.93,1143.69,2983.32,64.47,6.8,0
2.52,74.98,1183.04,2811.4,96.43,7.58,0
2.52,72.25,1090.03,2943.92,78.72,9.25,0
2.6,70.18,1062.38,2931.43,92.46,8.24,0
1.66,60.73,1145.44,2805.13,95.33,6.89,0
2.04,73.22,839.0,2931.41,83.74,8.5,0
2.15,54.86,1440.35,2875.1,99.09,8.03,0
3.02,64.71,860.68,2820.4,79.31,10.1,0
2.02,69.07,966.27,2868.73,92.83,3.68,0
3.22,81.4,838.5,2866.74,86.85,7.09,0
1.81,85.81,885.62,2970.31,87.52,8.86,0
1.35,66.04,820.16,2939.7,81.98,4.09,0
2.97,57.98,922.91,2957.24,72.1,7.86,0
2.12,72.04,923.95,2960.91,95.19,4.53,0
1.81,59.85,1155.45,3149.84,65.3,5.68,0
1.87,64.44,1043.64,2946.43,77.02,5.74,0
2.77,85.11,990.84,2767.91,83.69,7.95,0
1.44,58.98,972.11,2972.98,98.97,8.18,0
1.58,64.69,991.31,2931.44,75.65,8.11,0
2.26,56.7,942.26,2880.66,94.07,5.31,0
2.74,81.8,1023.3,2858.54,85.33,6.52,0
1.58,68.11,1081.14,2921.84,89.13,9.63,0
2.26,62.82,684.29,3018.71,98.91,6.05,0
1.75,64.87,923.24,2935.97,83.13,6.88,0
2.47,82.18,1011.49,3037.46,90.1,9.53,0
2.49,72.21,964.35,2960.36,93.72,9.6,0
2.41,79.22,1131.43,3028.89,82.67,8.29,0
1.14,58.95,1001.32,2883.16,79.26,7.45,0
2.08,68.72,899.75,2886.7,80.49,7.17,0
2.73,61.01,982.72,3047.51,116.58,5.32,0
1.44,55.49,841.23,3114.3,87.93,6.94,0
2.36,64.61,978.77,2903.86,91.07,9.42,0
2.57,63.92,889.87,3008.52,87.25,5.75,0
1.7,61.63,1073.17,2888.62,95.75,4.8,0
1.81,64.11,1157.27,3089.79,77.03,2.23,0
2.57,59.03,808.87,2888.4,88.62,6.95,0
1.74,69.88,625.29,2853.02,66.2,8.05,0
1.02,72.17,1109.92,2825.76,70.54,5.81,0
2.39,58.32,950.49,2766.05,68.85,6.04,0
1.58,84.77,730.65,2954.81,85.97,6.25,0
1.1,54.83,931.99,2894.27,80.94,7.67,0
2.58,72.96,936.44,2927.22,80.51,7.03,0
2.29,75.84,1160.79,3034.61,86.92,5.54,0
2.14,42.52,1124.21,2725.63,96.11,5.36,0
2.07,65.93,1162.01,2968.53,90.23,4.32,0
2.59,74.58,878.08,2815.61,86.39,5.17,0
0.92,63.93,974.44,2981.33,84.71,4.55,0
0.63,48.79,746.16,2906.5,99.14,1.18,0
2.25,47.62,1074.86,2913.97,99.24,9.63,0
1.71,72.92,1243.58,3077.55,81.05,8.69,0
2.12,63.32,896.99,2889.56,92.48,8.57,0
2.09,60.63,1327.76,2945.02,91.6,6.38,0
2.88,60.9,1359.15,2929.79,89.83,10.07,0
0.41,76.86,1141.42,3040.2,76.99,5.23,0
1.82,71.06,1073.1,2869.71,81.9,5.3,0
2.75,92.19,1121.21,2814.55,80.36,4.44,0
3.18,89.76,868.11,2880.67,87.78,6.04,0
1.56,49.13,1109.65,2891.81,74.93,5.66,0
1.92,74.58,1188.15,2903.34,89.8,7.19,0
2.17,63.63,814.58,2915.81,88.25,9.02,0
3.36,82.29,1002.18,2697.5,81.68,9.12,0
1.8,67.7,831.74,2964.89,88.84,7.94,0
0.33,75.35,1193.21,2871.68,91.09,9.37,0
3.4,61.13,933.96,3112.16,92.5,6.3,0
0.98,61.61,845.21,2693.47,88.31,9.2,0
1.35,86.17,981.22,2897.81,83.62,8.73,0
0.87,76.81,760.09,2806.9,89.45,9.52,0
0.8,59.96,1046.36,2895.54,92.02,7.85,0
4.06,88.33,779.19,2860.96,104.53,11.88,0
1.66,74.04,837.09,2924.5,100.2,5.93,0
1.73,82.36,1188.31,2873.0,86.31,3.97,0
1.78,87.39,848.73,2959.23,69.33,3.37,0
2.9,63.64,987.84,2881.54,88.36,5.29,0
1.36,59.29,1141.88,2745.65,93.85,8.1,0
2.56,64.5,1217.91,3030.99,93.92,3.65,0
1.82,79.15,955.83,2919.34,85.2,8.92,0
1.96,61.67,1167.89,2962.49,88.92,8.65,0
-0.16,69.19,859.08,2902.31,89.28,6.22,0
1.78,52.24,964.64,2706.59,59.78,8.19,0
1.8,69.05,901.65,3034.22,86.98,4.23,0
2.05,78.14,793.92,2951.61,75.05,8.22,0
1.79,73.5,981.5,2852.22,76.57,5.91,0
3.34,96.93,845.53,2815.86,86.06,5.57,0
2.32,81.93,830.08,2910.35,78.06,3.59,0
0.96,73.01,1075.46,2968.72,81.93,7.04,0
0.97,66.4,992.27,2815.95,80.37,7.74,0
3.51,52.21,1052.56,3043.12,84.01,5.33,0
2.14,73.2,873.35,2874.0,82.28,7.67,0
2.06,52.14,1159.01,2863.48,88.98,9.55,0
2.21,64.96,1015.37,2812.0,65.45,5.91,0
0.68,61.52,791.61,2856.66,66.33,4.58,0
1.19,69.69,1049.03,3006.13,78.49,3.64,0
1.87,65.87,1118.49,3031.41,74.99,2.64,0
2.0,43.96,947.37,2925.37,99.78,5.65,0
3.4,86.26,1466.94,2822.5,75.03,7.22,0
0.83,73.64,1091.34,3015.6,78.63,7.54,0
1.38,67.0,992.66,2692.86,69.63,9.85,0
0.87,67.57,901.39,2861.45,83.7,6.07,0
1.7,67.26,1085.02,2966.05,84.14,6.68,0
1.73,85.63,982.78,2812.33,95.78,4.67,0
0.34,60.76,1102.48,2974.11,75.47,6.75,0
3.0,52.96,685.1,2968.66,104.24,9.57,0
2.87,66.33,1358.82,2826.23,95.32,7.25,0
2.24,78.87,1039.31,2839.15,87.07,3.98,0
2.21,65.79,707.57,2799.21,82.61,5.62,0
3.2,69.38,1010.41,2634.82,88.73,7.23,0
1.59,54.36,1052.29,3047.16,88.2,7.49,0
2.09,87.04,1245.37,2947.58,94.37,6.72,0
1.43,69.48,1084.73,2930.97,94.95,13.58,0
1.57,55.95,977.92,2731.91,67.32,3.98,0
1.97,69.51,1043.02,2903.43,90.34,5.85,0
1.56,78.45,1133.06,2939.56,93.47,7.88,0
1.54,67.21,820.31,2577.9,89.21,8.18,0
1.88,50.72,666.94,3035.31,74.37,6.24,0
2.16,73.94,1058.44,2847.2,86.3,5.52,0
1.98,73.69,1017.37,2838.88,77.9,8.66,0
2.01,74.82,1206.77,2834.75,77.4,10.83,0
0.87,74.37,1205.46,2871.21,77.49,5.15,0
2.29,51.33,1021.88,2939.12,99.15,5.58,0
1.5,85.78,1012.68,2708.27,81.11,8.14,0
2.81,72.87,936.42,2726.08,86.57,9.74,0
0.53,69.54,954.22,3010.67,84.98,5.72,0
3.42,72.15,1075.75,2901.5,80.73,6.5,0
0.98,65.76,1157.04,2672.54,74.33,9.22,0
1.5,64.3,949.71,2879.59,72.41,7.55,0
1.97,68.84,997.45,2888.23,73.02,7.37,0
2.02,73.3,798.84,3211.77,74.95,8.83,0
1.97,50.3,1048.65,2939.74,73.32,8.38,0
1.42,77.51,969.27,2787.92,88.67,9.59,0
1.44,72.52,1348.7,2837.1,103.05,6.99,0
3.23,77.91,1122.99,3015.68,80.47,7.56,0
2.92,70.92,1143.44,2969.9,91.24,9.14,0
2.29,63.15,1077.23,2898.38,83.88,9.6,0
1.92,69.36,839.61,2835.68,82.93,10.21,0
1.76,60.46,855.37,3011.21,86.46,8.97,0
4.05,68.05,1012.67,2814.62,69.13,4.63,0
1.51,65.5,996.92,2916.06,95.27,9.9,0
2.1,77.45,1020.39,2855.64,81.07,4.71,0
0.87,82.57,1043.38,2966.23,93.08,5.1,0
1.26,64.65,823.16,2796.09,83.8,9.51,0
2.8,64.0,785.1,2818.21,89.09,5.41,0
0.92,73.58,967.05,3068.75,100.14,6.82,0
1.22,62.69,1091.43,2924.51,82.82,9.35,0
2.84,77.58,766.69,2972.68,84.69,9.27,0
1.11,77.44,899.97,2724.9,70.57,6.98,0
1.94,84.2,897.06,2742.06,87.05,7.36,0
3.08,83.21,939.35,2863.07,91.64,9.94,0
2.56,82.96,1221.71,2800.31,91.4,4.77,0
2.39,68.24,1006.19,2874.29,91.37,7.85,0
2.15,76.69,1155.57,2927.76,80.25,2.97,0
3.45,79.85,892.96,2752.89,98.56,5.65,0
2.28,83.88,996.69,3048.96,98.36,7.79,0
1.42,63.96,1133.37,2891.69,102.34,5.93,0
0.74,84.73,948.11,3081.98,76.07,7.66,0
0.64,72.15,959.3,2859.3,88.31,3.86,0
2.82,75.08,817.51,2901.4,76.91,8.94,0
1.85,63.52,1026.43,2632.54,79.12,4.33,0
1.55,65.44,894.13,2826.3,75.93,6.49,0
2.2,49.16,1106.4,2840.86,64.35,10.11,0
2.57,78.69,726.89,2933.63,84.65,8.99,0
2.79,87.25,1002.92,3055.52,97.22,7.37,0
2.33,77.68,1051.25,2770.91,79.1,5.74,0
2.5,78.76,982.73,2971.92,72.76,5.82,0
1.62,66.42,1023.57,2928.0,100.92,6.7,0
3.25,78.93,920.09,2825.25,81.72,8.22,0
2.16,71.41,1109.36,3136.74,69.94,4.56,0
2.07,70.14,864.9,2889.19,91.44,8.33,0
1.57,66.15,1168.28,2772.96,94.75,8.19,0
3.33,67.13,979.22,2788.55,81.0,8.25,0
6.79,69.99,632.36,2819.76,86.47,2.24,1
3.04,106.77,1341.11,2701.01,16.61,6.27,1
1.34,103.07,1358.47,2610.44,84.19,5.05,1
6.38,70.07,696.91,3262.85,86.26,10.41,1
1.05,101.38,790.83,3125.92,97.56,2.56,1
0.8,100.1,1321.35,2929.51,89.33,18.91,1
6.99,104.67,744.74,3039.94,78.35,9.72,1
6.06,69.28,856.36,2865.55,15.33,1.09,1
2.15,59.96,1054.02,2568.18,30.02,19.95,1
6.61,106.07,667.25,2720.69,17.29,6.25,1
2.27,66.87,899.13,3148.52,19.18,18.56,1
6.16,64.74,1355.43,2629.25,78.51,1.73,1
2.51,103.68,954.93,3183.23,19.56,5.03,1
6.9,73.56,1004.86,2635.71,28.03,9.59,1
6.55,74.4,820.82,2517.57,76.84,19.55,1
6.35,74.92,1012.61,2974.13,16.55,2.52,1
1.94,100.59,791.52,2825.06,85.85,19.72,1
1.75,81.28,863.43,3208.27,17.37,19.16,1
6.18,68.19,1029.69,2610.75,91.38,18.87,1
6.56,81.79,1327.15,2899.08,97.72,18.99,1
2.27,102.67,1237.07,2567.61,83.96,8.99,1
2.05,72.78,771.52,3225.28,20.18,9.86,1
6.44,70.25,1078.22,2600.87,10.78,7.27,1
6.67,109.63,864.91,3059.42,22.46,6.83,1
2.22,83.51,652.46,2659.95,11.49,9.39,1
5.97,63.24,623.88,3046.98,91.19,3.5,1
1.34,106.66,1240.66,2833.06,32.23,7.58,1
6.54,76.69,1228.86,3079.85,12.74,6.66,1
1.69,105.68,1115.99,2585.93,19.43,10.01,1
6.2,104.97,1049.72,3021.47,20.93,5.46,1
6.06,57.0,1127.87,2556.56,88.39,3.28,1
6.43,78.82,1264.66,3054.04,17.06,6.59,1
6.86,68.68,849.48,3190.65,16.88,11.55,1
6.0,65.45,789.03,2897.59,87.88,19.71,1
2.74,109.98,801.93,2971.25,20.78,19.15,1
5.52,106.99,931.2,2933.78,91.86,1.7,1
5.63,64.21,960.5,2606.92,21.98,10.23,1
3.11,65.19,1279.31,2802.97,20.54,19.12,1
6.87,67.28,1032.9,2677.01,81.13,19.05,1
0.99,108.74,1348.37,3068.15,81.98,1.91,1
6.56,103.63,642.89,3014.65,12.14,4.55,1
6.45,69.12,600.21,3193.48,86.35,8.23,1
4.21,65.04,639.14,3265.94,79.9,19.04,1
6.47,108.7,1007.12,2655.18,100.7,7.57,1
5.76,100.67,1092.4,2783.22,82.22,2.68,1
5.89,100.85,1000.2,2920.07,34.38,7.95,1
3.09,104.14,978.45,2506.57,94.5,1.51,1
5.66,100.34,919.35,2650.02,90.67,7.33,1
2.77,54.29,708.72,3276.01,16.28,19.49,1
2.21,107.5,913.0,3119.82,72.96,3.09,1
6.97,62.95,945.46,3165.2,70.9,19.35,1
6.6,78.91,947.98,2813.56,22.95,19.28,1
6.51,109.98,905.7,2527.75,88.25,7.33,1
6.63,109.72,792.5,3124.59,81.8,5.96,1
6.72,106.85,626.83,2865.41,31.11,8.73,1
6.61,104.08,1113.24,2868.83,22.77,4.74,1
1.6,71.04,1314.75,2970.72,21.26,19.34,1
1.5,106.92,1143.82,2642.24,89.57,18.62,1
1.74,58.79,1268.53,2830.04,22.71,1.51,1
1.31,106.61,1225.89,2755.73,21.67,10.51,1
6.75,66.37,905.29,2599.26,87.74,18.99,1
5.97,104.29,930.81,3215.87,100.79,7.75,1
5.77,76.06,799.04,3176.02,105.06,2.54,1
1.29,107.41,1220.94,2903.05,79.54,18.52,1
6.46,75.04,900.3,2900.76,13.88,19.44,1
1.46,102.88,1185.01,3250.56,87.74,1.25,1
5.96,51.96,1010.84,2684.96,14.08,4.2,1
-0.1,108.17,1125.95,3247.07,96.08,19.27,1
6.75,76.5,767.27,3253.18,96.57,19.61,1
6.12,54.81,767.12,2688.9,96.98,6.26,1
6.1,108.26,1239.28,2763.8,91.13,5.99,1
2.66,107.12,796.37,3221.28,11.13,3.1,1
3.05,107.74,1277.4,2919.27,17.74,19.61,1
2.3,100.69,1355.46,3024.29,56.89,18.99,1
6.34,60.08,1227.53,2912.34,82.33,19.8,1
5.66,102.69,1389.36,2754.18,89.48,8.88,1
-0.05,106.1,799.18,2793.15,12.17,5.34,1
6.05,71.9,1388.81,2914.54,81.58,19.11,1
5.52,85.34,1171.64,2540.94,28.41,6.58,1
5.55,74.26,1034.06,3281.11,87.07,3.33,1
2.58,100.7,1229.0,2960.37,98.0,2.17,1
2.13,65.76,942.89,3165.98,24.65,2.3,1
6.58,60.19,656.33,2942.17,23.0,6.48,1
6.47,71.26,1149.4,2574.88,21.49,8.44,1
5.66,108.96,923.11,2850.5,83.2,19.9,1
1.69,102.25,1371.29,2915.88,69.31,1.26,1
5.59,87.99,1251.88,3120.96,83.91,3.12,1
2.62,41.61,673.55,2977.05,23.65,1.94,1
1.75,58.49,898.93,2505.73,10.11,19.09,1
0.83,62.07,1204.67,3058.45,20.94,1.06,1
1.43,101.53,1061.58,3215.74,85.45,2.59,1
1.83,55.84,701.29,2844.33,11.42,2.79,1
5.6,108.46,1197.73,3026.67,25.19,9.86,1
6.31,63.51,908.88,2504.81,23.14,6.9,1
6.39,100.84,796.46,2771.05,30.11,10.25,1
1.28,108.66,670.42,2838.18,19.01,6.8,1
2.3,102.11,829.45,3130.07,94.72,2.47,1
7.0,63.83,1338.85,2613.18,93.98,7.45,1
5.54,65.21,1103.57,2774.65,25.14,19.36,1
1.42,106.51,1314.69,2653.09,88.27,1.0,1
0.65,69.78,726.54,2843.57,19.89,2.47,1
6.64,100.81,1254.17,2945.39,96.22,8.29,1
2.87,105.89,687.21,2783.7,97.72,1.76,1
5.51,73.0,1307.59,2856.41,13.91,3.85,1
5.9,82.12,973.31,3211.14,12.33,4.38,1
2.22,101.43,1237.32,3164.8,84.14,19.92,1
1.21,77.83,1264.48,3297.7,31.26,5.46,1
1.75,102.43,1368.67,2767.52,25.86,7.19,1
6.3,102.8,1087.79,2958.18,14.08,8.19,1
6.04,50.04,1266.4,2685.86,10.81,4.57,1
6.28,103.56,654.78,2921.19,17.27,4.66,1
6.15,76.34,967.52,3163.79,12.64,4.28,1
5.79,98.15,1019.38,2938.29,23.79,18.61,1
6.6,67.66,1222.98,2940.23,13.17,5.72,1
2.84,109.37,889.73,2521.57,26.38,7.84,1
5.56,83.46,961.91,3243.45,94.68,3.48,1
1.97,102.21,647.03,2974.74,30.07,6.92,1
6.82,69.02,1301.53,2827.51,18.0,3.99,1
2.32,104.4,1080.77,2671.11,28.04,4.21,1
6.94,78.89,690.28,2532.37,87.9,7.91,1
6.23,105.97,1354.28,3031.42,74.7,9.52,1
5.76,66.92,617.92,2968.69,16.02,7.25,1
6.95,102.66,1341.56,2904.3,18.4,10.73,1
5.89,61.95,1222.15,2727.59,11.19,8.04,1
6.82,109.27,1366.04,2752.08,88.09,6.43,1
1.85,71.94,1287.53,2827.57,13.39,18.87,1
1.0,107.63,1306.33,2669.35,26.98,5.67,1
5.88,70.19,1058.55,2877.22,32.68,2.59,1
2.93,100.03,676.13,2875.33,81.9,18.86,1
6.23,109.6,1222.12,3001.52,103.02,5.16,1
1.86,109.06,859.0,3296.28,34.15,6.7,1
1.71,64.52,1237.22,2851.63,25.72,18.97,1
2.38,101.6,1259.87,3122.96,98.01,6.35,1
0.95,57.15,1106.05,2690.68,29.32,19.53,1
2.41,109.88,1111.55,3225.81,77.77,1.65,1
6.84,88.49,1344.87,3028.64,92.02,19.79,1
5.77,105.28,1224.41,2837.19,86.7,7.86,1
6.06,80.27,1379.99,2999.46,74.27,2.78,1
1.88,70.78,779.39,3159.26,86.17,19.87,1
7.0,107.87,1060.99,2766.69,16.84,4.65,1
5.74,106.11,974.11,2875.27,26.66,6.75,1
4.06,69.24,714.74,3118.32,18.41,6.84,1
5.77,58.7,711.32,2657.75,102.46,4.03,1
2.15,100.51,1004.71,3281.29,15.19,7.45,1
3.02,107.37,872.79,3147.28,74.02,2.82,1
6.85,106.36,996.06,2607.34,82.57,6.8,1
6.73,74.36,1374.99,3063.72,90.44,2.22,1
6.41,104.73,1163.16,3180.79,83.6,8.31,1
6.15,104.86,831.77,2956.38,74.74,1.76,1
1.22,48.69,1350.62,3144.18,22.58,7.79,1
1.38,107.22,972.0,2534.51,23.12,5.1,1
5.99,64.74,1210.43,2569.09,81.77,7.58,1
5.6,107.45,1270.27,2915.68,69.99,7.67,1
2.06,101.64,782.78,2532.88,88.7,4.35,1
5.94,60.82,692.64,2872.16,89.34,3.45,1
6.36,67.44,797.22,2612.79,76.64,6.93,1
6.09,105.98,1081.51,2728.4,80.25,19.56,1
6.52,73.47,1353.47,3186.52,26.3,7.52,1
6.36,69.26,1283.41,2973.19,26.42,5.33,1
3.73,100.58,971.43,2798.74,22.16,1.69,1
2.06,101.11,922.26,3236.34,32.63,4.24,1
2.43,108.81,1050.75,2751.21,23.41,3.48,1
5.98,83.31,851.11,2587.86,23.77,6.65,1
6.07,57.06,776.12,3124.97,84.48,9.67,1
2.03,100.94,883.98,2784.45,28.16,1.84,1
6.15,109.26,845.89,2828.87,94.39,19.02,1
6.28,102.92,941.22,3053.61,87.86,1.8,1
6.47,102.81,831.99,2897.26,87.69,3.46,1
2.19,102.93,1377.08,2630.57,97.07,6.98,1
6.3,60.27,1085.56,2608.78,78.43,19.26,1
1.48,62.09,952.17,2696.49,32.53,1.12,1
6.85,105.61,1252.95,2901.22,95.53,6.09,1
6.93,56.5,1030.76,2696.7,10.41,7.91,1
6.54,102.44,756.49,3290.13,100.06,6.47,1
6.98,68.83,1240.55,2892.57,13.53,5.84,1
1.11,89.04,612.08,3016.77,28.64,1.74,1
6.98,76.65,638.63,3072.31,84.9,2.34,1
-0.12,103.62,1028.89,3036.64,16.89,19.81,1
6.22,82.47,966.84,2502.8,93.3,19.72,1
2.12,100.7,789.64,2911.76,25.12,6.23,1
6.51,70.45,1333.25,2850.58,90.26,18.88,1
2.95,104.04,778.22,2546.08,87.44,3.27,1
5.62,66.79,687.12,3228.0,25.21,4.93,1
2.75,69.39,1107.49,3163.97,31.6,18.67,1
1.31,109.29,1203.53,2806.69,10.65,7.24,1
5.81,74.35,802.15,2921.77,29.96,18.62,1
1.73,71.84,1380.43,2625.22,96.44,18.59,1
2.96,101.8,915.37,3059.3,32.62,1.78,1
5.71,102.02,775.89,3046.52,77.29,19.11,1
2.66,102.82,617.66,3285.28,80.75,6.63,1
6.79,64.43,1187.97,3272.91,27.06,7.7,1
5.92,75.95,698.72,2565.78,99.96,6.46,1
6.69,101.37,672.4,2706.5,82.53,0.36,1
6.14,68.4,1292.85,2954.46,25.0,7.77,1
6.89,59.5,612.95,2565.94,82.54,7.84,1
6.47,109.83,1237.25,2921.72,74.73,7.87,1
6.49,51.2,1134.24,2946.85,22.79,1.07,1
6.2,66.28,746.59,2575.42,87.84,10.75,1
1.69,66.67,1002.02,3192.0,26.83,19.72,1
6.81,102.72,1267.72,3286.15,88.29,8.21,1
5.9,74.51,1212.83,2599.6,87.93,6.57,1
2.52,61.43,1313.28,3097.23,14.84,2.7,1
2.89,81.97,719.24,2849.45,13.12,2.01,1
6.77,74.25,652.11,2771.41,22.1,6.39,1
6.53,104.79,1293.57,3140.48,88.88,5.77,1
1.58,71.57,923.48,2586.37,28.26,1.24,1
5.96,108.58,720.88,3094.35,80.95,5.08,1
2.28,105.04,673.3,3272.39,21.12,7.9,1
5.8,103.08,873.03,3160.92,82.99,4.79,1
6.67,74.47,1272.77,2986.41,20.21,5.4,1
5.56,60.18,609.7,3017.89,32.85,11.21,1
6.27,80.07,1035.94,3031.38,25.47,1.76,1
1.86,45.12,1283.4,2659.32,28.97,3.77,1
6.86,77.72,1295.58,2727.89,82.0,18.81,1
2.2,100.17,755.95,2898.01,14.46,19.13,1
1.46,50.91,655.0,2977.62,31.19,18.75,1
6.25,66.42,1089.94,2640.37,81.2,2.08,1
6.91,84.95,1262.91,3002.16,66.27,2.08,1
1.64,70.41,686.36,2794.4,10.95,18.69,1
2.27,68.06,779.43,3229.41,26.16,3.31,1
1.93,103.86,668.65,2854.9,86.03,1.18,1
1.96,101.24,1083.04,3168.21,93.92,1.13,1
5.64,51.3,1108.62,2744.3,13.68,19.88,1
5.79,73.13,1280.17,2864.67,10.37,4.02,1
5.9,101.79,921.02,2791.43,26.24,6.28,1
2.74,102.55,820.24,2587.12,17.79,7.07,1
6.13,82.79,1351.03,3247.59,76.54,6.77,1
3.5,105.57,919.21,2629.52,25.29,11.89,1
2.3,102.2,1379.03,2969.95,15.49,9.71,1
2.86,105.11,984.7,2695.85,22.19,6.57,1
2.42,105.58,841.92,3215.15,24.32,5.91,1
2.49,77.75,734.29,3038.87,21.55,19.86,1
2.35,101.61,1251.23,2675.81,32.4,2.49,1
3.26,109.0,1272.85,2865.49,82.73,18.68,1
6.22,70.85,734.14,2521.04,75.22,5.79,1
2.79,106.88,1301.98,3186.37,83.85,5.33,1
2.75,61.75,768.17,3171.13,67.42,18.82,1
6.25,64.11,676.87,3104.45,10.09,10.09,1
5.89,79.14,938.35,3010.37,13.15,18.66,1
6.37,106.15,1153.24,2861.55,13.04,4.1,1
6.72,106.58,943.19,2893.66,30.38,5.07,1
1.21,75.03,1359.87,2663.97,74.11,1.03,1
6.24,109.66,1239.92,2694.13,96.08,11.47,1
2.73,59.74,1376.02,2633.82,76.93,1.99,1
6.62,104.46,997.03,2863.84,26.97,7.79,1
6.11,64.81,780.61,2974.97,28.16,5.95,1
2.3,76.4,1200.82,3170.04,24.98,6.13,1
5.86,101.89,1075.25,2901.19,87.8,19.39,1
5.58,70.79,1075.69,2656.44,14.38,6.85,1
5.8,101.1,1216.0,2841.56,86.08,9.43,1
2.78,105.72,1255.62,2644.29,80.95,19.28,1
6.36,61.11,1358.61,3005.67,17.51,6.16,1
6.78,107.67,871.55,2999.44,18.51,7.03,1
1.54,104.11,850.96,3133.35,27.06,7.34,1
1.4,102.07,1203.72,2836.25,85.64,18.94,1
2.06,107.33,786.75,3214.42,89.19,6.34,1
3.67,102.33,1301.98,2897.18,28.11,2.46,1
5.67,81.73,1391.7,3036.43,86.88,1.46,1
6.48,69.06,1046.48,3158.02,20.71,9.98,1
5.94,105.82,1098.38,3123.77,91.51,12.16,1
6.79,56.65,1146.04,2576.09,97.95,19.72,1
5.71,104.51,905.02,2849.09,19.62,7.62,1
6.28,106.0,1113.35,2930.57,86.49,19.08,1
1.08,107.43,966.72,3230.17,81.98,18.85,1
2.7,59.41,872.14,2672.07,14.81,2.93,1
6.56,109.81,872.17,2507.87,100.76,6.34,1
6.0,104.66,968.29,3043.64,66.4,19.08,1
1.76,107.52,1390.05,2819.77,26.53,8.97,1
5.74,82.64,1071.93,2817.54,27.72,2.35,1
1.12,75.32,1044.03,2568.8,26.33,19.87,1
6.49,107.47,951.0,3231.9,69.35,5.35,1
5.7,70.0,698.78,2939.5,21.34,4.6,1
2.81,102.34,638.75,2858.22,30.63,6.02,1
2.65,101.39,1333.04,2744.06,90.38,3.34,1
1.2,103.57,767.08,3060.01,17.73,8.84,1
6.57,90.57,783.46,3171.72,88.05,18.92,1
6.06,65.48,746.66,2575.85,15.37,8.02,1
5.81,109.16,774.02,2963.22,33.08,6.11,1
1.9,109.13,1365.04,2859.0,69.75,18.86,1
0.26,100.29,634.16,2892.92,83.66,18.63,1
6.45,102.17,855.6,2782.34,12.9,9.23,1
5.5,108.65,1330.3,2845.96,30.56,5.1,1
1.57,48.04,628.63,2961.23,17.92,18.55,1
5.53,105.94,1066.98,3026.39,79.67,3.16,1
5.51,104.02,798.25,2792.23,71.31,1.26,1
6.4,106.36,903.75,2750.45,27.83,5.61,1
6.59,101.42,1206.58,3171.4,77.26,7.0,1
6.0,61.75,976.34,2525.26,101.67,2.04,1
6.49,105.47,1289.79,2821.3,88.31,7.54,1
1.59,104.57,1288.65,2955.71,93.26,2.17,1
6.04,67.2,858.85,3212.34,84.49,3.3,1
1.34,102.03,952.71,2703.55,12.77,19.55,1
2.06,105.63,945.21,3219.17,32.83,6.35,1
2.04,72.55,660.95,2881.1,27.88,3.39,1
6.79,103.72,933.15,2876.77,86.37,19.66,1
6.89,73.72,1077.83,3121.18,83.98,3.12,1
6.04,102.24,1005.1,2689.65,83.85,6.75,1
3.24,104.2,630.6,2827.98,83.16,19.54,1
5.79,106.5,843.08,2775.55,84.29,19.37,1
1.1,109.61,1201.82,3252.91,11.24,6.84,1
1.89,100.57,607.8,3080.56,84.39,1.13,1
5.64,60.04,1031.59,2583.07,11.59,7.9,1
5.6,106.83,1248.0,2509.33,61.44,8.75,1
6.86,78.13,1229.02,2544.86,75.87,4.31,1
3.05,66.0,850.23,3191.55,11.01,18.96,1
0.72,107.49,1151.07,3276.58,34.61,8.81,1
6.09,75.35,994.32,2810.12,15.81,1.86,1
2.44,108.54,940.9,3255.72,26.82,8.54,1
6.11,67.83,793.51,3093.34,25.29,8.53,1
6.31,104.76,1265.29,3084.64,101.08,6.1,1
5.66,70.55,929.63,2691.1,13.81,7.36,1
6.27,57.54,1018.95,3131.92,83.06,2.99,1
2.16,65.37,762.16,2695.96,18.28,19.27,1
5.52,87.5,670.47,2565.67,101.83,8.78,1
2.86,106.88,1082.79,2813.57,28.87,1.81,1
6.14,71.86,752.44,3013.56,78.41,1.14,1
5.56,70.49,885.73,3224.55,22.65,6.27,1
2.47,67.66,1273.72,2563.04,82.0,18.94,1
1.88,72.94,948.23,3273.91,13.63,3.15,1
6.91,72.63,961.95,3198.37,23.47,6.93,1
3.71,106.83,1254.49,2687.6,73.81,19.02,1
6.76,51.1,642.59,2797.62,28.46,8.59,1
6.35,107.29,1196.75,3066.73,83.76,2.59,1
6.9,60.84,1373.52,2896.8,81.34,2.03,1
6.91,106.97,879.67,2988.24,75.11,1.59,1
0.28,75.06,744.82,3097.41,16.07,2.15,1
1.65,103.15,931.05,2564.02,90.65,2.6,1
5.68,100.03,1137.84,3160.97,69.62,7.91,1
1.18,69.57,1117.6,3271.49,15.59,19.38,1
2.76,105.81,884.05,2565.86,80.03,19.12,1
1.51,103.82,1108.69,3101.13,14.43,7.05,1
5.67,106.83,1124.74,2797.21,91.23,3.46,1
6.53,66.8,862.3,3193.95,24.15,8.71,1
1.8,67.37,985.73,2638.49,15.0,19.83,1
1.26,86.15,1027.01,2512.07,32.46,18.57,1
6.51,66.78,959.06,2852.03,25.63,18.72,1
2.4,102.71,1164.58,3118.57,27.58,3.32,1
2.06,102.63,1006.83,2816.26,26.58,19.18,1
6.62,70.25,1231.52,2862.44,90.34,1.75,1
6.83,75.48,865.69,3232.15,15.41,6.98,1
1.2,64.5,666.62,2813.6,14.73,1.72,1
3.05,105.06,1200.5,3109.3,66.3,3.28,1
6.96,106.15,1122.1,2805.1,14.11,7.83,1
6.04,103.26,1090.39,2933.9,88.92,19.32,1
1.75,101.38,816.95,2551.72,81.43,1.07,1
3.04,104.06,641.61,2879.98,82.18,19.25,1
0.94,108.81,1110.74,3042.73,28.74,2.89,1
6.26,101.3,1052.49,3171.58,84.87,10.23,1
6.05,74.82,644.76,2905.79,18.4,5.07,1
2.5,100.74,739.19,2608.21,83.47,6.6,1
6.59,75.0,789.65,2982.41,33.72,8.12,1
2.68,103.68,923.14,2783.18,34.53,18.57,1
6.95,63.89,845.35,3217.99,86.79,18.55,1
0.59,78.39,704.27,2530.19,24.8,7.29,1
1.43,109.83,1275.64,3063.9,80.43,2.42,1
6.78,50.37,1013.95,2556.41,80.37,1.7,1
1.93,69.35,1027.65,2672.07,13.12,2.2,1
1.27,103.75,627.93,3007.36,23.57,4.38,1
1.82,101.37,775.97,2882.76,28.12,1.4,1
6.47,82.29,681.41,2538.27,83.98,18.54,1
6.27,74.63,990.6,3247.07,80.71,2.79,1
1.1,106.68,729.95,3003.09,27.46,6.86,1
2.11,75.33,771.34,2664.17,102.7,1.33,1
6.55,73.5,627.06,2976.9,88.13,19.66,1
3.53,61.05,799.85,3177.08,31.79,7.07,1
6.13,78.72,792.76,3184.74,78.39,19.19,1
2.41,105.99,775.5,2826.71,22.32,6.39,1
1.17,104.05,1198.06,3220.58,83.07,2.74,1
3.42,103.89,1184.2,2843.47,30.12,19.08,1
3.22,106.68,1046.1,3109.97,69.77,1.83,1
1.52,109.26,914.99,2614.34,12.86,5.16,1
1.2,100.62,901.43,2517.53,72.23,18.79,1
3.18,85.19,712.89,2591.26,28.97,19.97,1
6.5,69.65,755.11,2973.53,68.92,2.64,1
6.0,100.45,738.44,2881.03,83.86,3.63,1
2.6,103.43,1067.81,3154.45,15.73,8.63,1
1.89,56.27,1212.4,2560.13,99.06,2.29,1
3.34,109.99,1236.21,3012.1,30.06,5.79,1
2.32,77.64,1268.71,3293.05,26.44,8.26,1
6.92,75.0,813.32,2950.09,27.85,1.26,1
6.86,77.44,1020.92,3142.15,27.92,4.62,1
1.84,70.24,1244.65,3204.97,88.92,19.27,1
1.9,102.86,719.92,2895.88,29.9,6.57,1
5.52,60.92,1113.47,2622.16,97.21,19.62,1
6.23,107.6,1390.54,2853.97,83.73,8.21,1
0.59,72.13,945.85,3146.66,31.55,19.97,1
1.31,103.42,1130.61,2613.67,97.58,18.72,1
5.96,84.31,681.68,2535.19,81.22,5.05,1
6.88,73.64,1102.62,2511.89,17.15,9.54,1
6.69,100.28,978.75,2662.09,95.68,10.21,1
6.17,66.98,1011.35,2655.98,83.98,1.03,1
5.93,107.93,1355.83,2864.79,83.5,9.08,1
1.22,100.01,886.19,3299.47,33.94,7.81,1
5.68,62.4,652.89,3295.67,25.18,8.21,1
1.37,100.44,1117.39,2573.68,86.56,2.64,1
2.5,102.25,1119.68,3144.75,29.06,10.57,1
6.62,107.73,783.98,3033.42,93.4,6.0,1
6.7,73.22,731.4,2830.26,13.59,8.51,1
1.95,101.62,1002.28,2502.61,91.97,18.57,1
6.08,106.23,1025.0,2873.29,21.0,5.33,1
2.54,107.8,1037.43,3246.35,11.0,6.84,1
1.77,109.5,653.83,2794.96,13.0,10.18,1
0.75,104.52,880.59,2531.4,20.97,5.56,1
6.64,108.21,1188.64,2838.16,26.8,9.67,1
6.85,51.69,1184.06,2579.84,91.86,19.3,1
5.61,102.69,1108.29,2896.85,68.16,19.3,1
1.05,101.49,1165.59,3282.52,33.42,7.61,1
6.23,71.81,1390.31,3010.68,83.52,19.71,1
2.85,101.77,1324.07,3219.75,99.92,6.48,1
1.32,65.88,1355.93,3240.06,81.1,1.63,1
6.41,100.9,1020.8,2783.59,76.03,19.14,1
3.09,63.74,604.08,3110.41,81.33,2.66,1
2.78,82.24,1302.42,3116.16,16.33,3.68,1
0.75,109.12,1273.31,3168.92,85.1,8.48,1
1.84,101.72,697.26,3050.2,13.68,6.34,1
1.13,107.72,1097.85,2892.25,33.16,1.16,1
5.63,62.15,727.6,2609.2,85.64,5.54,1
6.86,68.94,1048.19,3125.4,13.33,3.23,1
1.24,105.43,1236.28,2532.43,70.78,6.33,1
5.72,87.03,1208.87,3121.82,87.14,1.35,1
5.64,63.78,730.62,2995.32,25.23,8.5,1
5.71,103.29,707.59,3220.47,92.29,7.02,1
5.56,71.91,1072.93,3138.15,27.17,10.78,1
1.9,106.91,1021.51,3108.57,96.06,18.63,1
6.92,108.64,977.48,2504.47,85.14,8.42,1
0.79,100.82,765.97,2753.5,95.62,3.01,1
5.53,74.63,940.02,2521.02,10.64,6.0,1
1.19,73.22,765.3,2538.16,64.39,19.98,1
2.34,109.32,1362.94,2811.86,97.75,2.42,1
3.57,77.05,1334.89,2857.1,13.48,19.13,1
6.77,71.78,565.07,3271.59,19.54,4.19,1
-0.34,108.47,611.57,2967.47,73.02,18.96,1
