Inlet_Temperature(°C),Outlet_Temperature(°C),Pressure(bar),FlowRate(LPM),Vibration(mm/s),Differential_Pressure(bar),Failure
67.45,89.65,13.49,841.92,3.43,-0.55,0
78.35,53.02,2.2,704.8,1.15,0.95,0
71.0,99.81,4.51,920.91,1.22,0.94,0
84.59,72.62,9.77,632.54,3.0,0.52,0
70.4,94.55,6.14,781.41,2.11,1.04,0
86.79,63.41,2.98,1097.44,1.4,1.16,0
93.69,45.08,4.97,765.64,1.69,1.49,0
84.77,81.03,3.15,881.13,1.32,0.71,0
87.75,48.4,4.5,791.48,2.64,1.12,0
62.82,90.35,7.08,817.21,2.5,0.54,0
90.88,80.09,10.04,876.65,1.29,1.5,0
76.81,65.45,6.54,1111.05,0.0,1.07,0
46.13,80.71,6.06,652.6,3.3,0.33,0
96.39,54.03,14.47,818.92,0.5,0.21,0
93.12,95.54,4.08,1092.58,2.66,1.82,0
57.97,64.48,6.14,1123.38,2.19,0.82,0
71.73,62.38,5.5,802.01,2.82,1.06,0
81.63,68.6,10.0,555.09,1.23,0.24,0
64.5,81.0,0.81,957.34,1.02,0.78,0
46.69,78.88,8.08,882.35,1.63,1.75,0
62.73,58.53,1.69,1249.68,1.61,1.49,0
99.24,68.98,4.54,1188.75,0.81,0.75,0
85.05,67.47,3.23,1156.0,1.5,0.22,0
87.41,89.17,5.84,1079.7,1.55,0.19,0
87.56,70.72,3.99,970.28,0.24,1.69,0
79.18,72.8,10.14,765.39,0.99,0.36,0
80.46,74.42,5.87,631.09,1.1,1.05,0
75.8,84.79,9.03,726.31,3.67,0.97,0
79.94,98.22,3.58,945.42,1.46,1.3,0
107.36,68.58,9.38,780.52,2.6,1.26,0
81.8,80.95,5.61,946.55,2.85,0.27,0
89.49,78.76,-0.26,594.72,3.48,2.35,0
93.05,65.92,11.17,828.37,1.78,2.18,0
69.3,77.79,4.7,503.98,2.12,1.23,0
75.15,59.41,0.29,1019.71,3.99,1.01,0
103.01,73.64,7.67,725.38,2.62,0.41,0
70.43,76.48,5.21,998.12,1.69,1.12,0
64.79,82.69,7.35,722.26,1.7,0.54,0
87.77,74.61,4.72,793.74,1.5,1.35,0
79.52,52.92,7.18,1747.27,0.02,1.5,0
87.05,105.14,7.19,629.4,1.46,1.56,0
74.83,56.19,2.89,1470.77,2.95,1.75,0
91.9,68.62,6.26,1358.04,2.82,1.32,0
73.7,74.57,11.7,1117.52,1.92,0.36,0
108.42,92.6,6.9,1143.08,1.74,0.7,0
104.53,83.24,8.92,1158.05,2.25,1.29,0
103.28,72.44,6.25,846.59,2.7,1.22,0
96.13,91.52,4.97,762.34,2.77,1.36,0
75.91,62.07,4.19,707.17,2.06,0.02,0
117.36,85.55,6.18,475.12,3.36,0.93,0
77.68,92.41,5.35,944.35,2.6,1.21,0
95.17,78.97,5.92,1516.26,3.54,1.0,0
75.92,74.41,5.69,44.99,1.29,-0.06,0
100.6,65.25,3.76,634.21,2.46,0.39,0
74.96,83.15,4.8,538.19,0.93,-0.39,0
81.86,94.13,7.57,643.47,2.04,0.77,0
107.07,100.15,11.13,599.81,2.82,-0.35,0
60.8,60.13,2.86,1062.4,1.53,0.62,0
64.42,73.76,6.99,1008.07,0.68,-0.43,0
110.68,97.29,0.76,807.73,2.85,1.26,0
82.41,92.97,6.21,1500.73,2.92,2.77,0
87.88,59.54,6.34,477.81,1.81,2.17,0
86.23,39.85,4.47,1144.73,2.06,1.46,0
97.58,68.27,6.28,1033.24,1.28,0.78,0
84.91,73.47,9.12,812.87,2.66,0.99,0
122.39,59.94,11.3,838.69,1.15,0.08,0
90.83,69.27,7.98,1167.4,1.29,1.41,0
52.71,70.04,6.11,1249.96,2.55,-0.41,0
68.45,70.35,8.7,1108.15,2.69,1.87,0
57.46,73.66,2.19,1679.65,1.17,1.55,0
65.03,61.31,6.66,890.92,1.48,2.09,0
73.21,83.34,7.26,1340.36,2.05,0.44,0
99.35,94.06,8.91,1082.19,3.05,0.96,0
95.62,76.69,5.36,592.21,0.28,0.43,0
82.71,67.63,5.69,1113.98,2.23,1.07,0
80.36,78.51,7.38,510.57,2.1,1.51,0
83.52,99.64,-1.66,1080.74,2.12,1.16,0
90.9,59.68,5.17,1595.29,1.46,1.31,0
119.79,81.88,7.23,613.18,3.32,0.99,0
103.2,102.27,9.37,916.22,2.65,0.27,0
68.62,81.27,3.74,1143.01,1.28,1.21,0
101.37,80.6,4.34,906.57,2.22,1.49,0
103.54,88.22,10.62,1317.58,3.41,2.04,0
73.97,80.33,9.56,1118.95,3.06,1.35,0
71.44,91.61,-2.22,988.01,4.32,0.76,0
83.33,78.03,4.07,1325.71,2.64,1.24,0
63.79,87.77,3.83,657.03,0.74,1.11,0
87.54,53.69,9.5,1015.71,2.97,1.47,0
71.19,80.02,7.17,1079.84,1.96,1.15,0
93.08,80.11,10.93,710.63,0.88,0.58,0
93.37,67.71,11.7,1112.82,2.93,0.6,0
85.16,66.4,3.65,922.16,2.25,0.77,0
107.96,71.08,5.47,1073.12,1.09,2.37,0
94.0,55.83,8.82,323.17,1.27,0.63,0
66.85,63.91,10.34,1391.78,2.06,1.82,0
70.91,93.36,4.18,1028.39,1.51,0.91,0
55.37,68.82,0.77,733.41,2.5,0.57,0
85.97,62.87,8.28,851.83,3.59,1.63,0
92.3,74.23,10.08,957.57,1.77,0.79,0
83.94,70.66,-2.5,661.21,2.69,1.2,0
92.95,43.76,4.32,696.03,1.22,0.94,0
85.85,71.37,8.36,649.92,0.93,1.66,0
82.2,91.64,6.69,349.89,2.43,0.43,0
75.86,88.84,4.98,943.29,2.65,0.47,0
80.42,49.73,2.98,804.05,0.97,1.34,0
69.02,86.73,12.25,497.85,2.39,1.12,0
102.79,48.72,3.7,1285.67,1.74,0.08,0
93.37,62.27,6.9,764.94,1.04,1.35,0
105.85,75.63,6.45,622.47,1.11,0.68,0
97.27,74.03,8.59,661.96,2.23,1.53,0
84.62,73.9,3.78,934.19,2.87,1.34,0
101.29,69.55,3.57,882.65,1.8,1.08,0
84.86,76.58,8.86,708.66,1.39,2.41,0
85.42,70.06,6.98,931.85,-0.34,0.9,0
71.52,58.96,5.71,917.91,0.22,0.18,0
93.05,77.1,11.15,958.02,1.81,1.32,0
73.66,87.28,7.43,1682.06,3.83,1.78,0
74.98,95.35,5.04,784.17,1.43,-0.14,0
89.83,60.94,5.54,618.0,0.09,1.11,0
80.65,70.48,5.02,594.34,2.86,0.58,0
98.79,88.07,5.49,1212.02,2.31,1.94,0
103.13,49.96,6.53,1116.91,0.17,0.55,0
83.17,75.87,4.74,1562.96,3.06,1.53,0
57.0,84.84,8.46,1172.41,0.59,0.08,0
82.1,85.47,5.64,892.71,1.15,1.31,0
67.87,87.35,5.29,1262.77,2.03,2.14,0
107.16,79.06,10.09,1074.17,1.61,2.33,0
86.33,73.29,6.48,997.43,0.27,1.39,0
95.45,83.78,5.67,966.19,0.83,1.48,0
78.2,59.91,0.98,647.77,3.12,0.52,0
82.45,89.31,4.21,971.45,2.23,0.41,0
84.95,78.75,9.59,1466.78,1.17,1.28,0
72.73,79.48,2.66,878.14,1.39,1.91,0
76.73,66.26,6.81,748.76,2.75,0.95,0
96.68,70.68,6.1,621.32,1.82,1.16,0
93.89,101.55,5.2,385.29,0.7,1.45,0
100.36,76.93,2.25,925.65,3.02,0.45,0
107.7,75.88,0.29,998.1,0.9,2.28,0
115.92,75.09,3.56,603.64,0.81,0.76,0
108.13,76.79,-1.31,923.97,0.95,1.68,0
87.77,65.09,3.47,746.82,1.73,2.12,0
76.54,80.34,6.66,703.57,1.14,1.79,0
123.37,81.61,10.33,1093.41,0.96,0.09,0
76.72,79.9,9.31,1379.22,2.32,0.68,0
103.94,69.83,5.31,1239.84,0.85,0.57,0
62.12,84.39,14.11,778.56,2.17,0.77,0
63.72,78.1,-0.91,1209.07,2.47,1.17,0
88.37,65.27,9.53,732.25,1.72,0.9,0
110.9,63.12,4.77,665.96,2.7,1.46,0
79.41,72.81,5.29,1391.12,1.52,0.67,0
95.84,69.04,6.89,710.86,4.5,2.44,0
78.44,80.49,4.05,785.86,0.88,0.16,0
67.45,86.2,5.1,1536.3,3.51,1.34,0
98.7,113.92,1.15,434.09,2.27,0.65,0
90.51,73.1,3.06,1495.61,2.57,1.4,0
81.6,87.15,9.81,802.02,1.67,1.65,0
72.6,49.41,3.27,1135.6,1.98,0.86,0
71.83,78.37,7.08,1323.41,3.08,-0.66,0
83.5,57.77,4.09,775.53,1.16,0.55,0
103.4,75.47,4.84,924.87,4.12,0.05,0
96.49,80.09,4.04,412.46,2.23,0.54,0
89.53,91.23,3.91,917.97,0.92,0.97,0
92.03,78.69,4.2,858.9,4.91,1.6,0
78.14,64.96,0.62,614.79,2.62,1.54,0
109.92,64.0,5.0,356.4,2.74,0.49,0
84.59,87.78,9.73,184.47,0.58,0.73,0
41.92,72.33,4.11,1193.35,3.12,1.33,0
71.69,73.52,7.53,927.39,1.25,1.19,0
77.01,78.99,4.45,677.93,2.55,1.4,0
61.08,71.22,0.61,1303.46,1.8,0.08,0
82.79,87.69,3.06,883.24,2.36,1.47,0
89.85,89.62,7.84,865.93,2.64,1.35,0
77.67,90.3,3.24,806.15,0.97,0.74,0
108.15,78.18,3.02,1349.4,2.12,-0.7,0
113.27,104.82,14.78,930.52,3.52,0.16,0
101.33,64.79,4.36,1071.15,2.5,1.19,0
79.42,82.24,8.16,1283.36,-0.48,1.66,0
93.73,70.28,2.41,748.9,1.83,1.58,0
103.32,61.57,7.08,890.09,0.51,1.44,0
112.81,74.0,4.23,1523.33,3.21,0.83,0
69.64,89.3,2.32,1395.87,2.5,1.82,0
94.46,73.2,10.33,649.46,1.38,1.29,0
107.93,65.22,4.12,497.96,2.48,1.04,0
109.11,87.09,5.01,762.83,0.92,0.47,0
89.24,88.76,2.87,900.67,1.69,0.61,0
82.49,90.11,5.41,798.64,2.92,0.89,0
76.25,57.25,1.93,1062.66,2.46,0.95,0
97.91,102.64,10.17,836.37,2.99,0.4,0
97.24,82.25,2.3,1069.44,0.88,1.38,0
89.61,87.82,5.86,1000.52,1.56,1.22,0
80.85,70.25,3.07,1134.95,1.65,0.49,0
81.68,89.88,5.95,1131.85,2.22,1.68,0
115.84,66.65,4.85,925.68,1.72,0.05,0
69.33,75.86,0.69,1233.79,0.64,0.58,0
72.41,60.33,1.6,547.84,3.78,1.31,0
79.53,98.04,6.06,1016.65,2.89,1.66,0
92.62,62.21,6.3,754.3,0.56,1.09,0
92.36,79.03,4.44,693.27,2.36,1.7,0
89.03,67.34,10.24,863.82,0.32,0.95,0
85.86,65.02,7.74,1299.13,1.78,0.74,0
98.92,78.44,5.16,735.25,2.43,0.7,0
75.35,59.76,4.28,319.37,0.9,1.85,0
91.84,78.85,9.07,541.74,1.33,-0.51,0
93.34,90.74,6.13,1217.99,2.64,1.0,0
104.92,71.43,5.57,949.99,0.23,0.03,0
81.24,85.85,5.84,819.56,2.43,0.24,0
80.16,77.69,6.41,1075.36,2.46,1.91,0
107.52,87.89,5.31,403.43,2.21,1.41,0
63.67,77.75,-0.62,1251.2,2.45,1.58,0
73.65,75.62,2.36,1042.58,2.12,1.53,0
99.94,86.5,4.66,942.48,1.17,2.04,0
95.78,89.34,4.19,882.88,2.12,1.34,0
104.35,89.34,6.09,1348.64,1.6,0.11,0
91.29,79.44,5.23,1547.74,2.43,1.19,0
94.72,78.2,5.68,1529.82,2.12,1.72,0
73.23,80.06,5.15,1305.61,1.72,1.14,0
82.99,72.17,6.89,818.89,1.33,0.89,0
75.85,67.39,-1.52,1193.36,3.86,1.12,0
102.95,82.16,1.12,475.34,1.3,-0.41,0
91.67,67.41,6.28,902.66,3.31,0.46,0
67.06,56.49,0.76,1192.75,1.92,0.38,0
93.83,63.63,7.77,617.58,1.45,1.1,0
76.29,97.77,5.59,1023.47,1.14,-0.05,0
72.24,75.56,12.29,1033.46,1.33,0.61,0
81.86,51.26,7.37,466.82,-0.1,1.78,0
66.64,79.22,3.95,986.41,2.2,0.94,0
95.1,85.74,8.09,814.61,1.42,1.5,0
84.16,68.61,6.05,1084.55,2.95,1.2,0
90.72,71.59,4.93,1625.63,2.31,1.82,0
58.59,83.82,2.09,1154.88,3.6,0.5,0
124.03,79.75,3.49,1308.05,1.02,1.6,0
88.61,72.85,8.09,847.61,-0.46,2.66,0
110.53,76.34,5.51,1303.78,0.86,0.09,0
89.63,75.41,11.67,1082.48,1.56,1.65,0
93.8,87.98,5.76,942.59,0.62,0.54,0
77.07,65.64,7.88,628.14,1.03,1.18,0
91.0,84.39,6.32,804.55,2.6,2.09,0
65.55,75.01,1.79,1286.76,3.57,1.64,0
87.72,99.6,3.06,523.03,2.27,1.45,0
102.6,66.37,7.55,1251.33,0.69,1.07,0
94.94,65.11,6.09,1293.18,3.85,0.24,0
96.02,72.27,8.56,1040.31,0.96,0.73,0
76.75,83.83,7.29,741.3,1.77,0.61,0
92.16,50.69,6.49,1475.18,2.68,0.86,0
84.3,69.99,3.9,1002.63,0.95,2.17,0
77.98,84.35,2.01,1121.98,0.66,1.24,0
102.41,90.0,1.46,605.76,2.99,-0.56,0
65.58,64.84,10.05,903.56,3.56,0.95,0
68.2,63.15,6.07,1041.15,1.19,0.21,0
79.56,78.41,8.53,1217.45,2.54,0.88,0
58.9,83.34,11.05,1304.74,2.01,2.15,0
102.23,91.45,3.27,1138.48,2.59,1.44,0
42.27,84.09,4.14,888.02,2.45,0.29,0
79.44,83.66,4.33,806.72,0.51,1.02,0
93.15,66.18,7.83,679.18,3.2,0.73,0
102.59,68.71,-0.75,263.97,2.61,1.72,0
84.62,55.12,13.72,770.56,2.12,0.83,0
74.93,96.38,8.22,577.28,1.2,-0.63,0
86.15,62.15,6.31,442.33,0.72,1.29,0
88.91,93.28,5.8,767.92,1.77,1.31,0
92.41,95.01,2.71,926.39,4.53,1.86,0
90.94,60.86,2.62,1085.0,1.7,1.11,0
75.62,89.2,2.27,1278.25,2.48,1.33,0
107.15,85.8,4.53,454.44,1.98,-0.6,0
61.35,84.96,5.09,778.99,0.48,0.08,0
94.78,65.73,10.09,1204.78,0.12,1.72,0
98.25,66.88,1.51,662.77,2.99,0.92,0
82.41,63.57,5.43,878.07,1.22,1.05,0
84.42,90.35,3.22,1035.37,1.22,0.63,0
101.18,77.67,6.19,952.95,2.99,1.54,0
78.12,80.11,6.34,424.25,0.62,0.32,0
110.26,77.22,5.86,1195.62,1.6,1.42,0
100.71,80.25,5.18,1101.01,1.99,1.07,0
82.05,52.71,9.36,724.88,2.39,0.5,0
75.64,77.78,3.69,1018.91,1.32,0.52,0
69.2,70.46,5.94,1145.39,0.84,-0.27,0
94.19,64.46,8.89,588.23,1.88,1.38,0
101.62,82.99,5.47,1098.76,2.57,0.83,0
41.56,75.55,2.43,1100.17,0.83,0.13,0
99.97,72.14,6.1,1256.77,1.19,1.44,0
90.2,92.24,2.46,471.33,2.41,1.73,0
98.74,89.24,4.29,731.42,2.92,-0.2,0
55.03,66.45,0.07,890.76,1.5,1.2,0
83.79,76.78,7.93,480.23,1.86,0.83,0
95.99,79.41,3.87,679.56,3.36,0.73,0
85.78,87.7,8.63,1345.12,0.75,0.8,0
95.91,82.66,3.71,707.95,3.27,0.36,0
84.44,78.58,4.43,908.94,3.16,2.42,0
63.03,52.4,3.29,825.8,3.59,1.24,0
81.11,77.75,5.38,1252.96,1.54,0.87,0
88.58,66.2,9.45,532.5,0.62,0.76,0
100.45,80.3,1.41,792.48,2.0,0.92,0
90.73,72.93,3.45,1008.9,1.25,1.03,0
116.15,87.7,6.27,1161.84,2.02,1.06,0
80.18,54.98,7.6,1191.73,2.1,0.77,0
79.76,109.42,4.81,561.42,2.24,0.77,0
79.77,75.15,2.44,440.19,1.68,1.06,0
97.75,86.25,6.93,835.92,1.39,0.56,0
107.51,77.22,0.32,639.61,2.59,1.21,0
78.58,59.94,8.2,895.36,0.93,0.79,0
77.59,77.27,8.41,979.29,1.93,-0.07,0
99.94,59.63,1.77,1156.56,2.45,0.75,0
65.76,97.94,6.45,553.75,1.67,0.4,0
67.62,80.64,9.25,641.83,1.32,1.16,0
105.99,67.72,6.67,832.35,0.3,1.0,0
76.43,90.94,5.42,1475.58,1.39,2.21,0
94.61,76.31,5.34,958.62,3.5,0.47,0
111.97,60.15,1.47,226.32,1.92,-0.31,0
80.78,55.42,5.22,1419.1,0.59,0.61,0
69.98,62.54,4.03,871.4,1.93,1.93,0
74.77,70.5,6.57,1282.33,1.31,1.01,0
81.29,40.12,3.58,529.06,1.7,2.1,0
54.37,70.57,9.7,808.21,1.9,2.05,0
88.13,85.1,5.18,1184.44,4.0,-0.09,0
85.4,64.24,3.06,1086.4,4.04,1.48,0
81.69,73.67,3.72,773.59,1.14,2.12,0
98.16,66.45,3.45,789.83,4.4,1.78,0
107.55,66.51,5.61,803.09,2.18,0.54,0
85.89,69.49,9.25,732.36,2.26,0.64,0
84.95,80.19,5.23,1533.39,0.77,0.2,0
70.5,73.81,8.57,545.71,2.18,-0.29,0
91.38,49.47,5.06,890.39,1.49,0.57,0
96.79,85.16,5.37,718.3,2.36,0.94,0
96.41,71.79,6.84,495.6,1.35,0.41,0
61.24,80.68,8.09,714.97,3.03,0.76,0
48.64,62.75,8.28,1127.85,0.83,0.95,0
78.22,86.42,6.24,627.09,3.02,-0.0,0
56.66,80.32,5.49,584.98,2.41,0.53,0
97.61,54.23,1.51,580.99,1.5,1.41,0
74.78,74.55,7.37,1042.6,2.64,1.51,0
86.92,73.93,10.72,762.59,2.13,-0.35,0
63.54,70.06,8.73,823.66,2.5,0.24,0
84.4,75.87,4.18,1271.15,0.57,1.01,0
77.74,68.98,3.6,1537.37,0.16,1.29,0
66.61,83.55,1.1,1434.87,0.97,0.98,0
77.75,56.58,4.38,546.83,2.63,-0.01,0
94.71,67.59,9.49,760.57,0.4,-0.12,0
81.14,70.08,7.84,1423.46,2.19,0.61,0
69.66,96.96,6.1,750.3,2.27,1.09,0
94.2,85.72,0.0,659.9,1.08,0.43,0
86.8,85.72,-0.6,667.32,1.62,1.0,0
85.57,60.64,5.18,961.64,1.89,2.18,0
110.91,65.64,5.01,699.8,1.41,0.22,0
117.13,71.03,4.32,929.95,2.23,1.87,0
84.63,61.76,0.89,1126.03,1.66,1.51,0
76.39,81.27,7.28,936.55,2.28,0.01,0
91.36,81.19,8.31,846.11,2.14,1.46,0
80.19,86.7,4.96,67.86,3.3,1.08,0
113.71,82.76,0.68,950.92,3.15,0.96,0
75.23,57.4,4.46,745.17,2.61,1.62,0
87.97,65.97,4.51,749.92,3.3,1.49,0
111.04,62.97,3.68,582.24,2.42,1.45,0
74.66,84.31,9.58,900.53,3.52,2.1,0
116.13,59.19,6.77,719.21,2.19,0.8,0
87.96,82.3,5.24,667.74,2.68,0.12,0
104.76,63.65,4.38,820.69,3.12,0.43,0
76.97,70.01,0.76,1142.57,2.21,1.61,0
100.74,73.84,7.43,975.19,2.31,1.75,0
94.53,76.9,6.65,1038.32,1.97,1.15,0
98.43,70.32,4.45,1268.66,2.5,0.0,0
90.9,53.98,5.97,711.77,1.71,0.61,0
95.47,61.15,6.6,798.66,1.78,1.05,0
75.3,66.66,6.63,806.38,2.06,0.69,0
85.61,98.44,4.17,1170.68,1.76,1.13,0
67.19,100.98,11.07,1167.56,2.61,0.58,0
117.18,66.26,8.86,1155.22,4.05,1.15,0
72.47,81.07,2.3,1033.47,2.56,1.45,0
89.18,63.43,4.94,477.32,1.62,0.49,0
74.9,71.64,2.83,1209.5,1.14,1.43,0
103.72,62.71,13.5,1336.68,2.59,0.64,0
80.58,54.81,5.52,1085.51,1.43,1.01,0
98.42,96.69,6.63,851.96,1.36,1.59,0
74.22,92.41,9.95,1347.9,2.69,0.55,0
74.61,60.66,3.75,720.9,1.84,1.55,0
66.34,74.07,9.88,1022.91,1.36,0.57,0
111.24,76.57,5.67,841.17,2.69,0.71,0
63.96,79.81,5.46,829.83,1.17,0.74,0
75.06,77.13,6.04,1062.91,2.25,0.98,0
74.47,68.69,9.36,750.04,2.27,1.43,0
89.65,89.29,11.01,566.01,2.47,1.37,0
93.15,58.73,4.16,1362.68,0.75,0.97,0
86.83,53.47,8.26,835.47,1.45,0.77,0
78.56,54.75,4.02,658.34,3.33,-0.32,0
86.88,61.16,3.76,1059.83,0.89,1.82,0
105.46,63.24,1.49,637.26,0.78,0.34,0
88.36,80.5,2.28,689.61,1.0,0.93,0
93.29,49.46,7.88,-180.33,3.17,1.59,0
91.61,73.01,1.44,677.25,3.05,0.17,0
61.11,67.87,9.59,648.45,4.17,1.32,0
89.8,75.93,6.78,813.01,1.65,0.34,0
75.98,80.14,7.91,1000.3,1.54,0.72,0
64.99,70.91,8.19,295.53,1.19,-0.02,0
70.47,73.36,5.57,887.62,1.35,2.2,0
93.25,83.15,5.32,898.78,2.52,2.78,0
76.27,77.35,4.13,949.57,0.8,0.93,0
74.42,59.49,1.96,963.0,3.61,0.99,0
91.29,77.49,6.58,1055.96,1.73,2.12,0
110.09,85.09,4.0,1713.1,1.56,0.04,0
66.86,73.24,0.13,398.47,1.22,1.17,0
103.42,68.4,3.06,935.31,1.86,0.88,0
90.61,65.02,4.88,900.54,1.78,0.54,0
55.09,98.9,4.97,778.75,1.64,1.76,0
97.5,70.16,4.4,973.04,2.92,1.78,0
89.96,66.9,5.99,1362.82,3.25,1.75,0
61.66,99.56,3.01,949.95,0.88,0.68,0
88.51,72.33,6.82,1011.79,2.26,1.71,0
73.45,76.51,8.07,415.25,1.66,1.23,0
66.64,44.61,8.07,470.59,0.91,1.18,0
69.78,73.81,8.24,903.76,2.45,1.57,0
81.63,94.09,-1.6,754.79,1.4,1.62,0
79.31,80.9,2.86,848.39,2.05,1.23,0
109.43,70.15,8.33,529.29,3.71,0.25,0
93.53,102.26,5.91,810.15,0.89,2.21,0
76.7,92.87,9.15,1253.53,0.64,-0.64,0
110.17,81.07,6.23,685.78,3.9,0.82,0
109.59,58.37,1.65,1100.26,1.98,0.5,0
72.94,98.67,5.81,1289.74,2.32,1.91,0
76.64,56.08,3.08,999.82,2.06,1.3,0
118.16,76.67,9.98,636.71,1.69,1.66,0
99.46,85.34,4.52,681.97,2.38,0.02,0
85.66,65.21,12.11,1372.76,2.32,0.21,0
83.05,68.23,0.99,810.09,1.97,1.34,0
82.22,88.27,4.9,671.47,2.12,1.68,0
94.51,77.55,9.67,702.89,2.53,1.38,0
84.04,67.47,6.96,787.38,2.7,0.57,0
86.88,62.69,3.76,680.44,2.32,1.32,0
82.75,77.6,9.27,659.07,0.89,1.55,0
105.64,63.74,7.98,748.61,3.07,1.55,0
95.52,88.65,5.39,1018.19,2.37,2.16,0
93.96,61.16,2.89,506.11,2.84,0.55,0
66.59,63.65,5.17,1348.51,2.17,0.6,0
102.84,95.12,4.11,948.84,2.4,1.55,0
99.46,62.1,10.2,576.0,3.59,1.18,0
81.34,60.52,8.93,1351.52,1.7,0.74,0
91.8,79.06,2.68,782.53,1.79,1.63,0
109.21,90.32,11.11,657.7,0.58,0.72,0
91.33,45.15,6.33,-206.51,2.28,2.52,0
89.82,92.02,4.67,970.64,-1.92,0.66,0
89.93,71.54,1.78,885.35,0.23,0.42,0
82.4,88.21,0.1,1716.57,0.45,2.41,0
89.54,71.04,1.95,630.7,2.93,2.71,0
67.85,85.52,4.38,645.27,2.33,0.57,0
94.58,49.17,3.45,1045.61,2.2,1.09,0
101.58,64.66,4.19,861.34,0.58,1.5,0
100.76,81.65,5.82,976.42,1.45,0.65,0
88.02,75.96,7.03,1198.29,1.87,1.4,0
84.14,76.61,9.55,584.24,1.5,1.59,0
121.05,89.04,5.83,428.1,2.77,1.54,0
90.47,91.27,4.16,701.75,3.05,1.18,0
87.26,64.0,8.06,1334.08,1.54,0.23,0
92.44,83.65,4.96,869.4,2.34,0.5,0
98.05,85.58,6.32,673.35,0.92,0.91,0
88.26,64.52,4.15,1082.38,2.14,0.08,0
82.14,72.41,3.94,646.05,1.52,1.18,0
121.6,80.7,8.24,734.23,0.69,1.03,0
70.26,71.59,2.85,591.09,0.31,1.05,0
99.11,94.54,8.53,1092.57,0.47,1.5,0
70.16,63.42,4.55,1167.96,1.82,1.45,0
61.44,89.76,1.85,1098.85,1.54,0.79,0
105.88,72.09,7.6,942.61,2.39,0.8,0
87.7,83.47,8.11,1311.68,2.3,0.07,0
83.52,73.21,4.04,259.26,2.0,0.01,0
59.61,58.61,5.61,1355.99,2.11,1.14,0
80.79,58.89,2.17,799.96,2.21,0.04,0
73.69,91.8,7.29,1225.07,1.87,0.54,0
84.06,81.89,12.25,1044.84,3.12,0.43,0
97.8,85.02,4.85,582.29,1.8,-0.9,0
93.92,61.89,3.87,600.83,-0.07,1.27,0
105.76,74.97,6.4,338.1,2.16,1.05,0
72.95,102.69,7.14,478.93,3.03,1.03,0
100.34,88.25,-1.15,1183.59,2.82,0.42,0
60.32,78.1,6.11,902.32,0.98,0.31,0
64.16,56.41,6.25,767.22,4.31,0.16,0
119.36,64.15,7.35,926.82,2.5,1.03,0
47.51,77.35,11.88,279.49,2.93,1.01,0
80.13,102.84,9.3,351.48,0.82,1.75,0
74.68,74.35,5.45,570.72,1.95,1.97,0
109.63,70.66,5.49,1455.61,1.41,0.42,0
65.15,62.82,4.5,1111.3,1.04,-1.1,0
75.42,100.03,4.88,1189.6,2.18,0.72,0
52.7,80.39,7.15,643.98,2.34,-0.79,0
70.13,60.82,10.55,1221.88,2.82,1.89,0
63.4,79.34,6.75,1047.6,3.68,-0.02,0
85.23,87.74,5.94,1153.34,2.2,1.03,0
75.19,56.63,2.75,1122.31,2.84,1.15,0
94.84,87.84,7.52,634.29,3.38,1.49,0
93.9,72.08,5.28,373.35,1.8,1.91,0
102.01,94.87,5.05,999.71,1.33,1.08,0
82.08,66.18,10.35,664.03,3.13,0.83,0
82.04,64.43,2.88,1099.6,2.46,1.01,0
86.34,61.85,4.15,644.65,0.15,1.43,0
93.33,78.69,4.22,956.42,2.18,1.13,0
94.68,77.49,9.06,506.54,0.81,1.05,0
92.82,86.49,8.76,829.04,1.14,0.59,0
84.18,67.71,6.34,661.3,3.19,1.81,0
88.35,62.52,6.17,1053.18,2.36,0.81,0
132.07,52.32,5.45,958.49,2.88,0.42,0
52.96,72.09,8.73,947.29,2.5,1.3,0
105.62,70.53,6.25,945.14,2.5,0.72,0
76.07,94.56,4.79,813.55,2.34,-0.22,0
87.92,90.26,7.31,712.55,1.32,1.51,0
71.41,93.71,5.72,708.95,1.92,0.17,0
103.93,65.67,8.23,876.36,1.63,2.53,0
58.4,88.75,4.91,670.09,1.72,-0.0,0
84.23,77.78,7.48,740.1,1.63,0.7,0
101.89,72.6,8.9,366.17,2.4,1.1,0
84.56,91.28,8.91,628.26,2.32,0.44,0
90.66,71.47,6.22,1149.15,2.83,2.38,0
79.46,77.92,6.42,890.25,0.73,0.99,0
94.32,74.25,4.2,1084.04,1.16,1.21,0
79.85,85.63,6.92,639.37,-0.22,0.8,0
89.62,57.0,10.25,986.18,0.91,-0.08,0
86.47,75.87,5.01,746.98,1.73,1.66,0
92.02,67.92,1.96,927.88,1.52,0.56,0
88.81,82.15,10.17,880.57,1.81,0.46,0
102.83,76.03,2.28,702.49,1.67,2.18,0
94.89,86.84,10.18,1071.34,1.64,0.73,0
72.74,72.04,7.86,604.61,2.34,0.78,0
85.02,71.43,4.45,1025.13,3.96,0.85,0
88.2,84.53,1.76,1127.15,2.23,-0.23,0
56.6,69.81,4.53,1495.11,1.21,0.33,0
73.11,71.78,4.84,1473.81,3.07,0.84,0
82.83,80.76,5.98,890.26,1.4,0.29,0
73.83,76.01,5.68,495.69,1.97,2.12,0
82.55,67.2,8.87,1564.3,1.54,-0.58,0
71.77,69.27,4.41,434.54,0.81,0.56,0
84.6,81.32,12.97,945.76,1.21,0.33,0
101.05,72.39,8.15,726.83,0.88,1.02,0
90.27,86.88,9.3,1043.44,2.31,2.75,0
95.62,66.04,7.82,721.65,0.47,0.76,0
124.67,89.82,4.84,726.54,0.89,0.72,0
96.31,88.53,9.64,1361.27,2.11,2.22,0
97.01,74.28,5.44,877.3,3.21,1.31,0
91.48,77.92,6.09,730.22,3.81,1.68,0
75.38,68.82,5.79,537.34,2.93,0.32,0
92.74,73.86,8.57,1320.45,1.29,-0.42,0
92.7,43.43,8.94,785.66,1.71,1.66,0
97.94,78.74,9.38,568.57,3.35,0.52,0
64.31,94.66,1.68,251.39,2.45,0.05,0
70.43,82.43,5.34,674.88,1.58,1.8,0
91.11,75.05,4.24,1376.86,0.11,0.94,0
99.21,79.06,2.6,907.02,1.74,1.89,0
101.86,74.33,3.21,1202.19,2.37,0.24,0
79.17,70.34,8.04,1119.65,2.29,1.22,0
84.72,73.67,2.43,569.61,2.18,0.89,0
72.91,66.73,4.93,722.19,4.12,1.14,0
81.12,92.55,6.04,490.66,3.1,2.0,0
79.45,77.48,1.08,838.25,0.79,1.78,0
83.67,62.76,3.32,844.71,0.38,0.52,0
83.36,77.34,2.09,167.79,2.82,1.02,0
78.45,80.52,4.57,974.88,1.57,0.75,0
85.1,77.18,6.38,625.27,1.47,1.09,0
93.19,66.14,8.95,784.19,3.54,0.72,0
84.78,79.72,4.02,970.81,2.03,0.93,0
77.89,73.75,5.81,1387.93,3.13,1.82,0
72.86,83.41,4.8,1070.59,1.44,-0.72,0
84.6,86.19,2.51,1163.26,2.23,0.37,0
66.48,55.61,12.88,502.91,0.11,1.48,0
109.23,84.19,2.71,977.1,2.15,1.11,0
99.47,77.46,4.34,1096.57,1.59,1.34,0
108.98,80.38,2.41,621.52,0.83,0.91,0
81.86,72.34,4.57,632.87,3.27,1.35,0
76.57,81.2,1.71,882.96,0.87,1.45,0
105.94,86.48,5.55,1186.71,2.97,1.25,0
104.65,65.29,-2.14,1558.03,2.17,-0.11,0
68.41,85.35,9.25,447.83,1.04,0.92,0
78.84,84.63,9.84,1285.23,0.87,-0.14,0
68.64,94.18,5.93,1075.16,2.49,1.35,0
101.9,71.88,9.5,994.82,0.12,0.77,0
100.49,65.63,7.25,787.07,1.61,1.1,0
60.06,71.18,3.75,999.71,2.76,0.56,0
58.77,84.4,11.86,500.93,2.07,0.77,0
96.9,52.78,0.81,1675.07,2.78,0.37,0
97.16,57.92,5.08,895.18,3.33,0.96,0
82.99,101.04,8.89,926.22,3.54,0.72,0
82.48,70.34,3.73,1102.91,1.9,2.36,0
83.41,77.66,6.91,978.23,2.41,2.43,0
78.02,73.64,13.91,582.65,0.79,-0.02,0
92.45,92.05,4.93,1201.92,1.48,1.4,0
66.56,61.82,4.29,856.06,0.15,-0.23,0
114.38,70.35,9.02,887.72,3.63,1.29,0
101.51,88.67,0.92,711.87,1.52,1.03,0
80.71,75.96,7.93,388.21,2.66,0.79,0
47.05,85.32,7.61,1515.62,3.29,1.57,0
71.21,72.31,7.49,190.54,0.56,1.7,0
116.11,90.73,4.19,1305.71,4.3,1.48,0
88.59,52.06,8.79,849.22,1.85,0.96,0
68.91,95.14,10.0,1087.6,2.04,0.33,0
96.22,66.62,3.18,1249.5,2.61,0.85,0
77.92,71.33,7.08,888.69,3.36,0.34,0
99.06,66.46,6.33,682.95,0.47,1.16,0
75.69,50.91,6.16,950.6,1.73,-0.01,0
76.86,76.36,8.91,1168.74,0.49,1.06,0
57.98,69.65,5.33,648.79,3.01,1.11,0
94.57,56.55,5.45,1372.24,0.7,0.91,0
110.99,81.86,6.87,1018.77,1.31,0.81,0
87.14,87.65,4.11,523.98,2.71,1.55,0
67.09,60.73,8.49,723.22,1.61,3.3,0
68.1,78.57,7.18,1011.1,2.9,0.07,0
61.44,77.27,1.72,1389.04,2.35,0.56,0
102.6,63.59,5.74,927.79,2.07,0.29,0
79.99,78.35,5.9,991.9,2.18,1.35,0
95.45,84.0,9.6,930.54,0.61,0.87,0
80.57,72.16,10.11,969.21,3.87,0.63,0
93.41,86.54,5.2,1142.9,0.18,0.03,0
71.96,84.11,9.91,414.25,1.17,2.04,0
96.77,56.86,5.62,671.36,2.43,1.28,0
121.19,100.12,0.3,784.75,2.93,0.21,0
82.13,79.37,7.58,1003.62,1.1,0.24,0
70.08,63.4,5.16,1214.44,1.88,0.82,0
81.57,67.82,1.96,769.12,1.85,1.07,0
77.3,73.78,5.02,840.58,2.0,1.25,0
96.11,50.74,6.41,871.2,1.42,0.8,0
69.97,62.04,1.98,940.76,0.87,2.99,0
85.61,58.7,1.56,1480.76,-0.25,2.22,0
82.56,68.72,-1.85,409.08,3.1,0.51,0
94.05,86.15,4.6,837.19,1.84,1.03,0
71.49,78.49,3.56,1459.21,1.82,0.95,0
109.64,80.92,7.53,1067.06,1.93,-0.24,0
67.16,74.28,4.35,820.22,3.68,-0.14,0
101.88,71.5,6.41,1088.92,1.61,1.36,0
81.06,86.68,8.71,1025.72,3.6,-0.8,0
97.27,64.35,5.31,1029.3,0.55,1.55,0
61.69,73.9,7.47,223.26,1.59,0.13,0
68.92,92.09,10.43,603.92,1.0,0.87,0
95.06,64.97,2.15,904.91,3.51,0.97,0
83.86,87.43,3.96,1021.75,-1.23,1.7,0
100.59,77.81,7.09,856.54,1.02,0.76,0
94.33,77.51,0.59,1023.11,1.48,0.07,0
89.51,77.53,5.71,1023.41,2.34,0.7,0
89.9,87.9,7.32,683.86,0.43,1.69,0
106.79,74.31,6.55,383.32,0.89,0.55,0
78.2,80.92,4.69,1033.75,-0.29,1.08,0
82.78,101.35,6.92,1058.24,0.52,1.01,0
77.38,76.97,5.75,1269.14,1.56,1.26,0
66.69,56.48,10.01,905.48,1.29,0.84,0
88.66,83.44,7.8,1257.14,2.81,1.89,0
75.97,55.82,-0.11,1365.37,3.12,2.01,0
80.62,82.06,4.32,1327.39,2.8,0.58,0
75.99,69.85,3.18,533.03,2.38,0.61,0
90.64,71.8,1.25,1047.42,1.31,1.2,0
67.74,57.91,5.86,1280.57,1.02,0.74,0
86.66,93.4,6.08,822.59,2.86,0.81,0
76.83,48.46,4.04,1219.61,1.68,0.22,0
63.63,91.47,9.08,488.99,3.66,1.26,0
86.01,72.84,11.85,1031.57,2.8,-0.1,0
81.61,70.71,6.58,536.95,0.6,0.96,0
106.98,72.72,8.82,1268.18,4.31,0.31,0
71.38,99.28,-0.19,880.07,2.07,1.0,0
89.71,77.22,7.51,1254.57,3.65,1.14,0
69.81,55.71,1.02,1199.18,1.64,1.07,0
50.56,83.38,7.51,962.55,2.07,1.12,0
87.6,63.31,5.5,814.89,1.26,0.39,0
85.76,58.61,2.19,1107.84,0.37,1.27,0
66.41,63.18,3.91,1108.11,2.39,-0.41,0
86.53,62.34,2.45,450.83,0.43,1.68,0
76.4,56.67,2.99,606.59,2.22,0.07,0
79.69,89.48,1.48,896.4,3.99,1.79,0
93.88,72.5,4.14,849.96,3.35,0.99,0
95.09,57.19,2.7,965.62,2.88,1.66,0
85.29,69.84,8.91,1074.52,3.58,0.56,0
91.58,81.1,5.18,762.29,3.24,0.5,0
95.73,93.11,-0.76,147.31,2.79,-0.04,0
67.29,69.51,3.7,473.6,-1.02,1.94,0
93.21,77.44,3.31,1241.33,2.93,0.97,0
85.34,65.65,8.35,1083.98,3.56,1.31,0
88.14,70.0,2.49,719.9,2.07,1.32,0
72.66,76.33,10.17,376.57,0.42,2.51,0
87.29,63.36,8.05,595.2,2.78,0.87,0
78.86,61.92,9.37,960.6,2.1,0.18,0
74.58,77.92,8.7,829.92,1.17,0.41,0
58.46,81.85,1.5,1238.65,2.8,1.25,0
84.62,38.91,0.05,709.72,1.47,1.28,0
77.37,56.21,1.37,1286.53,2.18,0.58,0
90.89,88.17,12.44,621.79,3.1,0.29,0
100.9,46.36,-0.23,770.31,0.52,1.35,0
92.58,45.88,8.2,1043.89,1.08,1.96,0
92.15,90.41,1.94,971.35,1.13,0.89,0
70.4,78.16,2.89,1075.39,1.94,0.53,0
97.11,79.75,14.34,900.92,2.78,1.66,0
77.63,74.24,3.84,1078.06,1.4,0.23,0
101.82,67.48,11.36,583.4,1.15,1.03,0
103.58,66.41,9.82,648.55,2.91,-0.03,0
112.01,103.19,4.7,1214.46,2.85,1.11,0
87.76,79.31,6.23,808.31,1.99,1.34,0
39.71,69.25,6.1,488.28,2.68,0.62,0
65.37,67.98,5.5,821.05,0.28,1.45,0
89.16,68.89,5.66,764.51,2.25,0.49,0
66.41,70.89,5.86,1219.25,0.82,1.88,0
94.53,96.76,6.42,366.04,2.67,0.21,0
54.94,78.68,4.67,1262.7,1.11,1.38,0
81.03,74.89,8.07,1060.64,3.43,1.07,0
97.44,72.9,5.66,603.74,1.15,1.39,0
70.9,63.41,5.13,733.42,0.33,1.51,0
73.46,69.19,4.67,866.05,1.61,1.12,0
73.56,73.07,1.93,608.68,2.23,0.79,0
76.26,81.24,9.8,1477.89,1.29,1.2,0
63.34,67.92,4.9,1178.4,2.03,0.28,0
94.02,85.7,3.56,1112.88,0.02,-0.49,0
85.01,52.9,6.99,779.64,1.81,1.21,0
78.25,74.06,1.7,1248.9,2.2,1.59,0
82.91,92.44,8.64,871.83,3.49,1.58,0
103.06,70.83,2.14,1544.49,2.75,1.57,0
94.24,92.22,6.35,794.26,2.05,-0.55,0
80.26,60.85,8.43,954.38,0.48,0.08,0
75.74,56.24,3.29,1182.88,1.75,0.11,0
86.33,67.67,1.23,1058.09,0.57,1.16,0
103.54,91.27,5.99,677.3,4.12,1.08,0
106.34,78.32,8.53,769.48,1.82,1.35,0
82.99,80.04,1.73,1253.65,1.11,1.11,0
48.42,97.43,5.93,924.38,2.03,1.23,0
89.33,68.79,10.77,944.63,3.25,1.33,0
88.98,58.52,7.32,918.24,2.59,0.87,0
90.86,74.93,4.45,694.85,1.58,1.37,0
97.76,46.3,12.17,803.76,1.44,2.15,0
88.94,78.89,8.72,999.62,2.52,1.01,0
98.12,69.22,6.19,1409.29,4.15,1.16,0
77.86,97.28,7.07,1091.56,3.38,1.5,0
72.71,81.7,9.3,1112.98,0.92,-0.27,0
64.81,75.55,5.48,1279.9,2.68,0.18,0
80.44,52.69,9.82,1314.96,1.91,0.68,0
75.13,84.57,9.36,1044.02,3.07,0.45,0
97.38,71.92,5.22,635.41,1.49,1.83,0
87.33,61.49,4.72,766.27,1.49,0.22,0
80.08,64.72,3.54,1203.11,3.21,-0.1,0
85.0,80.93,5.26,802.83,0.36,2.27,0
79.7,76.17,-0.46,1449.77,1.83,0.63,0
79.5,68.66,6.92,736.71,1.48,0.27,0
81.42,72.57,7.61,1040.18,2.1,2.03,0
97.61,89.18,7.3,979.13,1.85,2.07,0
77.43,80.85,6.12,1399.39,2.39,1.3,0
70.01,60.89,3.61,1088.3,2.01,0.8,0
84.66,89.06,4.29,892.44,0.73,0.8,0
104.45,66.96,10.77,1225.35,2.24,1.18,0
75.88,77.19,7.18,760.48,1.03,0.89,0
53.17,74.46,11.97,466.05,3.89,0.32,0
83.23,78.23,10.87,679.75,1.02,2.53,0
102.1,60.79,7.46,1003.89,2.45,0.97,0
69.9,70.23,6.72,414.85,3.09,-0.26,0
104.76,73.52,7.87,1081.23,3.57,0.78,0
80.57,53.48,4.08,863.27,1.73,0.65,0
90.08,59.83,7.34,440.92,2.1,0.7,0
79.12,87.43,3.01,748.67,1.43,1.22,0
87.92,64.72,8.06,984.36,1.12,1.38,0
89.89,80.04,6.0,1075.51,0.61,1.99,0
93.69,63.07,8.93,818.1,1.0,0.86,0
123.84,84.73,4.22,984.36,1.25,0.92,0
102.81,82.86,7.01,845.35,1.41,1.22,0
99.79,51.38,9.67,616.05,2.01,0.16,0
82.19,75.42,8.55,1163.7,1.91,0.45,0
91.42,81.16,6.38,1165.58,2.31,2.37,0
69.06,64.29,10.1,799.95,2.12,0.4,0
91.79,76.91,1.87,895.81,2.23,-0.01,0
83.81,60.39,6.1,1025.61,3.04,0.56,0
106.18,55.8,12.32,545.93,1.94,0.55,0
85.36,58.34,3.56,1242.08,2.35,1.21,0
68.99,62.81,12.16,903.16,3.19,1.47,0
89.25,73.2,9.42,674.04,2.52,0.99,0
81.38,66.26,6.35,502.12,1.33,1.82,0
91.15,70.54,5.05,916.17,2.62,0.9,0
101.65,72.41,5.17,941.99,1.03,0.31,0
94.52,74.92,13.48,899.45,1.35,0.47,0
92.34,65.53,7.2,989.15,-0.0,0.29,0
87.69,72.66,8.89,824.21,0.87,0.19,0
92.71,66.31,5.56,1127.11,1.47,0.87,0
74.83,82.1,6.58,1358.5,3.62,1.52,0
114.08,73.18,3.42,1236.36,1.93,0.62,0
86.9,70.61,7.44,758.77,2.2,1.07,0
64.81,61.71,9.28,664.75,1.85,-0.0,0
98.07,90.55,6.6,978.75,3.9,0.24,0
93.8,68.7,5.82,736.97,1.23,1.49,0
81.12,57.8,3.49,865.92,3.07,1.66,0
70.67,73.03,5.63,595.75,2.12,1.22,0
78.03,88.09,5.04,1423.76,2.14,1.21,0
102.82,84.94,8.51,1797.84,0.69,0.9,0
67.31,94.31,5.36,369.56,2.18,0.26,0
89.87,58.54,4.36,893.39,1.72,1.74,0
71.44,86.75,3.17,1137.23,3.04,0.36,0
84.64,66.48,4.11,1163.35,2.6,0.91,0
91.06,67.63,2.66,857.49,2.25,0.83,0
78.53,71.28,2.49,671.42,4.06,-0.24,0
99.97,63.38,7.4,1030.78,3.13,1.37,0
107.82,79.56,2.35,589.21,0.33,0.72,0
103.26,89.85,9.46,954.63,3.22,0.85,0
80.17,70.23,6.51,784.2,2.92,1.96,0
109.23,63.36,8.59,1177.88,1.35,1.25,0
71.16,57.92,7.56,444.03,2.81,1.11,0
60.77,69.51,1.29,923.71,2.9,1.12,0
69.85,51.37,3.32,946.21,2.15,0.89,0
49.56,66.69,5.3,278.29,0.51,0.51,0
98.56,69.62,7.22,661.53,0.9,0.46,0
68.92,67.97,7.52,1184.25,2.96,1.86,0
86.29,57.31,3.3,791.25,1.18,0.93,0
72.59,92.15,11.01,910.3,1.47,0.62,0
87.65,48.88,5.47,1249.32,1.34,0.77,0
95.4,72.82,4.84,927.09,2.92,0.95,0
85.93,77.02,9.18,1198.71,2.43,0.75,0
102.23,81.26,-1.57,945.18,1.8,2.66,0
88.01,66.42,5.79,931.58,3.32,0.95,0
72.85,58.82,9.28,602.54,2.52,1.54,0
73.98,70.55,6.11,954.9,3.19,1.32,0
102.47,73.09,9.24,813.55,-0.74,-0.28,0
115.86,99.5,0.38,1240.86,1.82,0.88,0
84.47,73.54,9.02,1039.93,1.03,1.04,0
92.0,84.52,7.35,738.61,0.09,0.41,0
64.65,76.74,1.44,753.25,1.89,0.33,0
89.4,50.78,1.8,772.89,2.67,1.38,0
66.19,65.06,8.15,546.78,2.4,0.86,0
96.91,85.3,5.32,575.88,1.69,1.21,0
77.06,47.21,4.95,925.16,1.31,1.47,0
92.74,87.84,3.5,687.99,0.49,1.41,0
86.0,80.96,3.79,711.23,3.52,0.82,0
80.78,81.99,11.02,1136.72,3.2,-0.18,0
98.26,53.56,1.5,1183.78,2.06,0.65,0
48.64,55.34,8.02,467.43,2.49,1.36,0
84.68,86.95,-1.21,839.3,2.29,2.08,0
107.39,72.82,3.55,874.87,3.29,0.61,0
102.23,73.97,12.69,949.95,1.97,0.88,0
78.95,71.09,8.57,852.08,2.57,0.83,0
79.98,75.09,7.59,633.34,1.24,0.46,0
100.45,72.11,8.43,519.31,2.94,1.23,0
75.35,78.09,3.85,372.94,3.97,-0.13,0
92.27,82.03,6.41,610.98,1.63,1.94,0
97.79,90.64,1.52,1024.44,2.51,0.81,0
104.22,64.38,9.5,1145.63,1.88,1.06,0
78.29,78.8,4.2,888.5,1.57,0.5,0
101.2,68.39,8.5,305.75,2.4,0.57,0
113.1,80.57,7.48,552.78,2.76,0.78,0
74.98,60.93,1.37,337.53,1.84,1.61,0
98.79,62.49,6.0,755.83,2.59,0.15,0
63.43,71.08,8.31,696.31,2.89,-0.08,0
86.7,73.2,2.04,181.18,2.04,0.33,0
95.09,78.83,9.21,1067.22,2.89,1.0,0
78.6,50.09,9.73,1030.66,1.56,1.9,0
73.72,60.26,1.26,1248.77,1.74,1.12,0
132.9,80.66,7.33,1691.0,0.65,0.89,0
82.29,53.75,11.02,912.57,2.05,2.06,0
98.25,65.62,6.31,868.96,2.53,1.17,0
81.21,68.36,7.21,743.71,2.01,-0.31,0
89.85,82.98,9.54,1032.11,2.8,0.41,0
86.84,63.3,8.02,304.59,0.67,1.6,0
70.7,75.21,3.42,970.54,1.48,1.07,0
77.76,77.71,0.74,462.37,3.62,-0.59,0
73.01,84.88,6.25,1133.28,2.52,1.48,0
75.31,65.24,7.93,741.33,1.52,0.86,0
105.62,74.87,6.48,1241.45,1.35,1.48,0
85.31,78.33,7.94,1007.72,0.49,0.07,0
62.29,84.23,6.63,17.06,1.42,0.76,0
83.03,91.35,4.55,1336.15,0.73,0.66,0
70.19,62.4,8.87,1209.8,3.68,1.17,0
81.83,81.82,6.13,843.83,1.57,1.28,0
74.21,92.37,4.29,1013.18,4.63,1.39,0
71.63,77.3,2.56,1208.24,1.51,1.34,0
98.45,76.04,6.1,1557.13,3.19,2.09,0
109.18,79.17,11.61,1141.48,2.92,-0.07,0
87.2,61.77,4.36,1563.21,1.21,2.17,0
77.75,70.23,6.91,873.49,2.46,1.15,0
98.43,90.49,1.63,328.13,1.77,1.22,0
61.28,99.18,3.55,709.92,1.66,-0.44,0
89.01,78.73,9.52,945.5,2.77,1.2,0
61.24,79.36,3.67,1183.32,2.2,1.26,0
57.95,67.7,10.59,598.78,2.49,1.6,0
86.15,94.69,5.86,756.01,1.01,0.98,0
84.09,97.69,6.44,1312.35,1.46,0.91,0
113.52,66.22,5.66,805.0,1.68,1.88,0
73.06,72.13,3.49,1134.45,1.65,1.53,0
80.21,73.88,8.47,1637.96,0.48,1.01,0
88.2,68.03,5.38,562.84,2.25,2.03,0
95.07,81.85,3.38,783.43,1.95,3.08,0
82.6,101.21,7.44,740.36,2.32,0.42,0
86.73,64.99,2.2,1217.34,3.03,1.98,0
56.87,81.18,9.12,457.0,1.58,0.19,0
105.11,59.65,3.82,1137.81,0.75,1.35,0
89.79,71.64,7.6,674.78,3.11,-0.12,0
73.72,80.14,3.42,579.68,1.5,1.19,0
80.36,81.45,13.01,1150.95,1.96,1.99,0
63.14,85.96,9.19,841.37,2.51,1.04,0
81.88,79.33,1.31,752.12,2.39,0.75,0
81.25,83.35,2.37,494.14,2.09,1.46,0
100.01,74.05,7.01,1209.41,1.29,1.11,0
67.1,63.18,4.86,945.04,0.91,2.06,0
111.63,58.13,6.4,1243.02,2.08,0.04,0
75.31,75.27,3.35,835.44,0.99,1.95,0
91.41,82.6,7.32,862.52,1.23,1.97,0
99.54,69.14,5.51,916.95,1.01,-0.26,0
72.01,67.44,5.54,826.98,2.96,0.68,0
103.99,42.55,9.41,851.98,1.76,1.84,0
69.58,82.11,4.16,1398.88,2.07,2.13,0
87.4,58.6,10.74,919.74,2.57,1.22,0
86.39,80.67,1.4,1392.43,2.61,1.73,0
76.77,75.22,2.25,1442.29,0.66,0.83,0
56.77,74.63,8.61,502.81,1.75,0.86,0
86.24,70.05,3.31,235.25,1.05,0.51,0
84.5,94.72,6.28,652.41,3.9,1.38,0
67.84,50.07,5.52,843.68,1.01,1.73,0
90.42,75.34,7.35,1130.74,0.83,1.97,0
89.31,84.01,3.39,644.71,1.05,0.32,0
88.5,69.34,3.35,1709.5,2.09,0.93,0
95.62,54.73,11.68,629.2,2.52,2.35,0
85.28,65.7,6.77,820.48,2.95,-0.0,0
83.52,98.08,1.57,707.65,3.22,1.15,0
106.16,68.42,4.88,1473.48,3.16,0.76,0
68.64,81.64,6.19,472.75,1.18,0.91,0
91.63,50.01,5.34,1139.43,1.29,1.3,0
87.53,77.91,7.77,1149.45,1.73,-0.64,0
75.25,61.52,8.05,941.66,1.15,0.97,0
81.63,112.82,5.95,683.53,1.31,0.5,0
101.29,81.44,4.75,766.01,2.65,1.46,0
87.84,82.03,8.6,826.03,3.81,0.78,0
99.63,90.91,3.49,770.21,0.77,0.84,0
102.43,63.69,13.16,1034.83,2.1,0.81,0
82.47,73.44,8.17,1190.09,2.95,0.49,0
83.43,68.33,6.15,404.33,4.35,0.4,0
110.66,79.56,7.79,500.2,1.85,0.49,0
99.25,80.15,13.93,833.78,1.83,0.22,0
68.98,83.53,9.08,285.77,2.79,1.23,0
69.19,91.72,6.22,1345.64,2.96,1.49,0
60.76,87.02,10.5,971.96,2.58,-0.07,0
97.0,70.28,7.02,748.01,2.14,0.51,0
80.45,52.1,8.56,606.52,1.43,1.76,0
79.76,81.99,9.06,1092.46,1.78,0.61,0
112.57,85.2,3.42,1002.95,3.76,1.01,0
100.02,66.16,4.51,1120.54,2.58,1.81,0
70.97,74.23,6.33,780.47,1.06,0.46,0
94.23,64.32,4.93,659.55,0.76,0.61,0
81.11,77.11,9.66,1271.05,1.27,0.63,0
92.7,78.62,8.86,-251.0,2.09,1.0,0
78.47,72.64,8.45,923.89,2.12,0.94,0
95.64,56.61,8.46,1561.94,1.64,1.62,0
87.86,77.92,0.92,1523.2,0.01,2.47,0
89.98,86.4,8.59,1093.1,2.5,1.34,0
83.64,89.3,6.21,1199.47,4.57,0.96,0
76.97,66.13,1.72,932.31,2.69,0.89,0
97.71,57.28,3.33,927.34,1.14,1.59,0
101.61,58.32,1.1,1081.22,2.14,0.45,0
70.38,86.95,4.24,1183.97,1.78,1.39,0
83.01,76.68,0.1,1104.7,2.78,-0.07,0
82.36,80.55,1.36,780.05,1.25,0.76,0
62.43,67.84,2.6,843.24,2.01,0.93,0
83.75,89.76,6.69,1415.51,2.4,0.73,0
63.91,79.55,4.24,744.41,3.06,1.24,0
74.61,65.73,3.85,980.64,2.01,0.2,0
78.56,70.81,6.7,803.05,2.85,0.13,0
84.44,59.01,6.26,968.73,2.22,0.97,0
75.82,89.99,2.57,1236.51,3.27,2.09,0
73.86,75.72,6.22,934.48,2.0,1.53,0
87.92,84.13,3.39,592.43,1.47,-0.16,0
75.66,85.65,5.51,335.91,0.93,1.22,0
110.43,93.34,6.28,583.17,2.18,1.19,0
85.65,83.06,8.24,777.2,2.0,0.25,0
93.27,77.07,5.88,1102.95,2.19,0.67,0
86.85,60.85,6.79,1913.21,3.15,-0.17,0
107.35,55.83,8.43,963.36,2.92,1.58,0
117.56,86.52,5.07,906.0,2.12,1.37,0
72.35,70.96,5.0,495.12,3.05,0.7,0
60.97,55.66,6.4,1301.58,2.01,0.94,0
86.13,70.84,9.66,847.84,3.2,0.71,0
96.13,77.69,6.96,896.89,1.92,0.84,0
109.6,97.27,10.65,963.85,1.94,0.94,0
109.18,86.4,1.99,1384.76,1.73,0.21,0
82.94,73.95,2.16,1174.22,1.53,1.01,0
105.6,73.9,3.69,1136.49,1.14,-0.05,0
92.67,57.01,11.12,1216.83,2.72,0.7,0
57.54,64.86,7.36,726.3,1.64,1.42,0
75.19,87.11,6.55,286.61,3.09,1.37,0
95.17,77.62,1.47,345.52,3.22,-0.11,0
44.45,58.02,7.73,901.91,-0.49,1.36,0
93.44,63.62,5.96,698.48,1.61,-0.52,0
65.19,72.8,7.25,1336.63,1.7,1.56,0
81.42,78.13,7.76,1183.77,3.0,0.41,0
84.25,81.98,2.44,1188.7,2.23,0.25,0
89.06,66.64,8.61,1076.42,2.66,0.91,0
72.54,82.51,2.85,882.61,2.42,0.21,0
85.73,81.63,8.77,893.27,1.48,0.66,0
92.83,81.41,6.32,722.69,2.68,0.47,0
89.45,85.65,7.16,1032.02,1.29,2.56,0
72.04,60.21,8.39,1527.33,1.52,0.21,0
76.11,85.18,6.25,479.29,1.75,0.83,0
77.69,58.59,6.72,733.49,0.3,0.62,0
88.76,71.15,6.97,429.56,-0.11,0.51,0
76.35,62.9,0.27,710.75,1.7,0.89,0
90.2,96.54,9.85,1037.16,1.58,1.72,0
74.8,77.76,9.88,781.99,2.06,1.59,0
64.02,82.17,3.46,816.93,2.25,0.49,0
88.48,80.97,7.63,671.27,1.72,1.22,0
89.4,82.99,8.54,671.89,0.84,0.53,0
98.89,60.89,5.53,505.37,2.0,1.15,0
74.28,80.06,7.54,781.92,0.18,0.89,0
64.26,81.64,5.16,314.52,2.8,0.69,0
71.87,77.06,7.88,1368.08,1.39,0.79,0
82.14,85.68,3.38,1200.67,3.05,0.67,0
112.99,85.07,4.62,1014.73,1.49,-0.51,0
93.08,85.25,5.26,907.33,1.47,0.14,0
85.72,56.57,4.41,1306.04,1.0,1.47,0
76.35,90.95,5.58,916.56,1.54,1.36,0
100.09,82.46,6.39,1287.14,0.97,3.36,0
66.54,56.96,7.99,832.42,1.83,1.46,0
79.23,59.25,8.85,643.82,1.47,0.49,0
88.41,87.62,9.57,186.47,1.27,0.22,0
75.22,79.01,9.54,807.28,3.1,0.0,0
66.83,73.39,6.45,1119.62,0.85,1.77,0
84.01,74.53,7.59,1161.85,2.63,1.36,0
60.08,72.07,13.65,909.66,2.04,1.24,0
94.58,62.8,-1.87,987.41,0.9,1.24,0
71.44,82.35,7.44,1333.1,2.34,0.68,0
88.9,84.08,4.31,1303.97,2.27,0.44,0
72.08,87.37,3.59,1249.22,2.27,2.28,0
60.59,80.63,-0.53,1382.37,0.75,1.09,0
57.93,78.79,7.59,1133.08,1.94,1.64,0
73.55,79.02,9.5,1112.24,2.94,1.32,0
60.89,70.39,8.53,1009.62,3.18,1.48,0
75.06,71.05,8.06,1114.42,2.67,1.1,0
59.96,83.15,3.58,1135.56,1.46,1.27,0
87.77,78.0,9.49,888.25,0.84,0.76,0
96.27,71.84,4.04,1019.63,3.19,0.44,0
86.49,76.14,10.05,898.47,3.4,0.95,0
96.73,112.32,2.53,285.15,2.23,1.85,0
66.45,82.28,8.55,1012.06,2.63,0.55,0
83.39,66.19,5.93,1333.97,0.74,-0.91,0
81.69,64.67,5.08,1224.94,1.66,1.96,0
83.32,79.92,14.27,361.74,1.01,1.22,0
88.21,91.93,3.06,1188.09,3.38,0.04,0
74.5,76.01,0.93,1290.0,2.73,0.97,0
89.15,85.68,8.57,736.47,2.31,0.32,0
85.53,84.47,6.87,1189.43,3.02,0.6,0
97.41,81.9,11.03,1445.03,2.07,1.17,0
85.2,81.01,3.58,519.21,1.73,1.53,0
67.03,92.47,-3.53,509.67,1.5,0.26,0
76.7,80.49,2.71,771.11,2.11,0.68,0
69.47,75.98,9.61,762.04,0.77,1.0,0
106.8,75.6,9.23,1360.85,2.08,0.59,0
94.21,91.84,8.19,348.44,2.76,1.2,0
77.05,82.19,-0.96,1163.69,3.22,0.79,0
81.03,75.08,-0.51,866.6,2.48,1.76,0
92.56,74.92,6.06,897.1,3.28,1.48,0
70.21,72.58,7.94,974.24,0.84,0.4,0
125.8,67.08,2.42,989.73,2.27,1.27,0
99.33,61.35,3.08,1155.95,1.65,0.93,0
94.39,83.39,3.12,1149.95,2.38,-0.64,0
69.11,90.3,8.39,577.6,1.42,0.82,0
77.29,85.76,9.09,879.82,1.87,1.87,0
70.9,48.53,5.24,560.68,3.99,0.93,0
90.5,67.74,2.45,906.33,4.04,1.15,0
101.79,79.78,8.22,929.15,3.38,0.31,0
94.85,61.8,9.16,887.56,3.19,1.09,0
86.16,81.13,7.98,1473.6,2.24,1.82,0
98.22,85.83,4.74,1147.92,2.99,2.36,0
96.81,84.35,6.86,1439.0,0.85,0.11,0
110.31,75.19,10.28,882.47,2.57,0.45,0
102.38,80.49,3.46,643.95,2.5,0.48,0
75.3,70.55,3.78,726.46,2.57,0.63,0
73.65,61.92,5.21,958.52,2.61,0.55,0
88.05,67.17,3.88,797.36,2.01,0.76,0
60.9,64.83,1.81,1049.66,2.68,0.78,0
99.45,74.93,5.9,606.51,2.4,1.2,0
83.08,96.71,7.52,1235.0,-0.19,2.49,0
80.17,91.82,2.0,1609.62,3.14,0.72,0
97.33,61.9,7.26,1065.87,1.13,1.44,0
131.18,62.61,-0.15,1700.07,1.92,1.3,0
113.45,70.35,4.27,619.02,1.97,0.28,0
81.32,83.35,8.64,1231.87,2.49,1.43,0
81.26,87.86,2.21,373.71,2.91,1.54,0
71.66,71.47,7.19,977.18,2.14,1.26,0
105.5,78.74,6.79,699.46,1.68,1.55,0
80.87,78.56,5.2,500.27,3.85,2.31,0
76.36,69.25,5.49,1110.76,2.42,1.87,0
77.04,69.68,-0.27,789.66,3.53,1.77,0
96.36,83.37,4.05,1169.44,2.45,1.57,0
84.48,83.15,9.52,748.71,1.5,0.98,0
73.39,74.6,4.65,941.42,2.38,0.46,0
113.15,84.84,4.5,268.63,1.24,1.4,0
91.2,78.04,7.34,807.31,1.7,1.27,0
105.33,67.42,10.24,704.43,0.89,0.24,0
71.17,65.35,6.92,1273.04,1.93,0.5,0
96.35,82.55,10.99,1002.88,2.78,0.89,0
90.66,82.47,9.88,853.06,0.79,0.85,0
78.34,61.43,10.05,1067.62,1.16,0.97,0
70.32,65.9,4.87,1517.95,0.33,0.44,0
80.95,77.34,9.19,1140.21,2.54,1.08,0
77.35,69.58,6.63,1276.36,0.69,0.52,0
89.52,61.97,8.09,1298.45,3.27,0.99,0
66.33,80.46,6.72,334.16,1.01,2.06,0
90.0,73.19,6.47,1253.98,1.87,-0.67,0
92.18,69.41,8.48,488.38,2.07,1.37,0
77.84,93.88,9.98,618.96,2.65,1.29,0
72.16,72.55,3.53,275.78,2.02,0.8,0
97.46,79.64,6.8,1381.69,0.23,1.42,0
67.47,61.21,5.18,717.65,2.29,0.63,0
102.14,83.0,4.98,370.38,2.16,0.28,0
72.25,61.19,2.54,838.27,1.37,1.53,0
78.11,77.9,4.51,784.68,1.51,1.6,0
88.72,71.44,8.78,618.25,2.18,0.89,0
96.28,80.55,7.5,1422.28,3.46,0.8,0
87.73,44.65,7.93,970.87,0.51,0.86,0
88.36,80.75,1.8,477.87,1.75,1.59,0
83.88,74.02,4.55,980.75,1.69,0.51,0
56.22,79.17,0.66,835.26,2.88,0.95,0
101.41,77.18,7.3,1006.13,1.57,1.39,0
85.84,69.53,4.84,189.76,3.79,0.94,0
83.11,59.45,2.0,855.19,0.07,0.59,0
84.6,69.15,-0.69,546.67,2.54,1.24,0
77.33,70.78,9.12,783.71,2.67,0.74,0
108.9,69.15,11.24,1089.97,1.07,0.19,0
105.18,62.5,3.82,810.66,1.23,0.76,0
113.23,60.56,6.25,930.79,2.61,0.84,0
92.07,67.2,5.38,861.78,3.49,1.43,0
73.14,85.49,7.76,833.99,0.07,1.13,0
119.06,81.7,4.88,935.14,0.47,0.01,0
92.22,74.26,8.95,636.75,4.77,0.79,0
95.89,72.1,9.69,880.88,0.9,0.64,0
121.95,75.41,4.32,713.32,1.62,1.39,0
121.69,69.11,4.62,1102.54,2.22,1.02,0
82.11,61.95,4.34,347.92,1.34,0.44,0
68.12,56.42,9.37,1257.38,0.69,1.17,0
89.2,72.88,10.6,461.85,1.56,1.28,0
84.17,66.04,-0.57,1403.13,3.68,-0.42,0
94.82,72.53,9.29,756.94,1.19,0.55,0
107.44,72.64,5.57,1159.59,0.32,2.07,0
58.32,68.8,2.13,915.92,3.33,0.78,0
75.94,93.76,4.43,996.75,3.61,1.18,0
90.92,67.89,3.96,214.27,-0.49,0.52,0
61.74,95.87,4.52,1104.52,1.62,0.72,0
78.51,85.62,7.3,620.29,3.41,1.44,0
77.69,82.51,1.98,428.57,3.54,1.04,0
78.82,49.8,2.96,1267.18,0.47,2.0,0
90.06,79.41,4.18,1381.61,0.99,1.51,0
88.82,58.21,6.7,605.3,2.35,1.96,0
86.03,86.75,4.51,1188.75,3.57,2.3,0
69.07,76.02,9.45,532.15,1.21,0.18,0
92.1,65.3,6.89,1558.99,2.66,1.07,0
82.66,93.39,10.08,740.44,0.19,1.38,0
86.3,65.18,15.23,490.77,1.06,0.06,0
78.69,76.48,8.9,665.22,1.54,1.2,0
90.57,70.78,6.44,552.92,1.91,1.97,0
71.21,65.03,9.8,1130.24,3.43,1.17,0
108.25,81.27,6.87,899.49,0.62,0.25,0
93.66,76.74,6.57,993.14,0.29,0.81,0
73.25,80.02,2.53,1226.86,1.66,1.48,0
73.05,87.54,0.95,1019.84,1.93,0.68,0
47.93,77.99,5.77,1241.21,1.83,1.08,0
106.62,87.28,1.95,909.79,2.33,1.02,0
92.95,99.15,3.94,732.97,1.78,0.66,0
68.05,88.09,3.52,412.35,1.61,0.64,0
97.54,79.64,4.57,1514.61,1.9,0.95,0
79.73,69.18,7.91,554.07,2.89,1.88,0
78.77,80.56,2.95,1079.26,1.81,0.98,0
71.36,66.87,6.67,917.53,0.7,0.05,0
102.16,85.25,7.81,1106.09,1.59,1.04,0
62.82,93.65,8.01,1485.93,1.1,1.41,0
106.04,89.33,7.66,1173.79,0.81,2.18,0
93.8,69.43,0.19,882.1,1.94,1.02,0
51.83,68.63,5.97,382.2,3.2,-0.18,0
97.44,98.84,2.81,942.9,1.38,0.22,0
81.71,64.44,5.63,997.4,2.53,0.82,0
89.9,81.75,4.29,1215.01,3.21,1.17,0
110.15,95.22,2.34,1019.7,1.08,-0.26,0
85.28,89.77,3.53,1190.34,0.55,0.46,0
72.14,80.05,1.94,710.93,3.34,1.21,0
56.94,66.09,6.68,518.54,2.25,0.1,0
117.86,80.54,3.72,389.5,1.54,0.24,0
69.88,91.1,10.83,872.14,0.16,2.2,0
76.51,71.98,6.3,956.34,2.19,0.65,0
78.88,75.04,4.58,733.47,0.3,1.45,0
103.02,98.55,7.9,1139.39,0.88,0.84,0
80.11,92.78,7.43,443.3,1.72,1.07,0
86.49,67.83,7.44,663.85,2.05,0.27,0
116.13,68.93,10.12,775.83,1.52,0.59,0
77.45,92.07,10.49,961.01,2.78,0.85,0
89.35,98.45,8.98,1129.92,3.66,1.93,0
95.23,72.23,7.57,1361.74,0.84,1.31,0
94.43,51.96,5.31,508.55,3.49,1.68,0
96.87,74.46,5.9,1108.55,2.3,0.24,0
102.37,70.35,1.82,626.9,1.64,0.29,0
66.79,85.32,10.85,862.04,0.45,1.63,0
95.19,87.42,5.31,812.86,0.63,1.17,0
74.04,52.85,10.18,1221.76,3.06,0.58,0
88.25,63.85,8.52,1328.63,2.08,1.4,0
116.39,65.8,10.17,1401.86,1.77,1.22,0
72.73,98.91,5.32,194.86,2.26,1.46,0
93.93,95.63,6.39,627.93,1.86,1.04,0
83.05,83.32,-2.5,1269.21,1.7,1.68,0
89.86,58.94,-0.05,815.36,2.95,1.77,0
84.82,74.83,5.25,1032.5,1.61,-0.1,0
85.32,83.66,-2.74,1319.77,3.05,1.34,0
85.68,57.04,8.62,1330.29,0.23,-0.17,0
97.2,58.43,8.51,717.82,1.45,0.73,0
97.38,65.57,7.16,1167.02,1.06,1.02,0
101.48,103.37,4.38,763.83,0.79,1.68,0
81.73,87.88,1.37,873.44,2.24,0.4,0
75.23,67.2,3.1,985.43,1.7,1.69,0
81.97,72.49,7.28,1106.23,2.56,0.06,0
93.21,83.2,9.29,570.33,2.33,0.87,0
76.13,75.46,3.8,560.36,2.18,0.62,0
104.16,65.84,4.0,1192.93,1.8,1.37,0
86.76,85.65,9.78,773.64,1.85,-0.31,0
88.67,71.02,4.3,639.62,1.9,0.07,0
96.38,92.38,4.09,576.14,1.34,1.05,0
81.8,59.13,6.11,769.27,1.56,1.64,0
74.22,58.79,3.43,848.15,3.52,0.11,0
63.89,89.94,11.0,896.31,1.39,1.24,0
73.41,70.68,6.65,1199.12,2.21,0.88,0
81.45,59.09,5.09,1238.21,2.13,0.48,0
77.72,70.04,5.34,561.05,0.4,0.07,0
86.23,78.12,8.3,652.85,0.19,1.92,0
119.72,63.43,2.88,1257.33,2.3,1.39,0
56.99,63.51,11.84,855.94,2.14,-0.14,0
77.93,61.98,8.16,1124.78,1.77,1.83,0
95.29,79.13,0.54,234.07,1.57,1.53,0
84.69,85.43,7.07,1105.34,1.01,1.47,0
88.66,86.62,5.15,1450.17,3.37,2.03,0
72.67,81.85,10.45,1497.61,1.69,0.18,0
76.54,79.08,3.59,736.92,1.78,0.87,0
91.19,84.48,6.74,899.29,2.63,0.62,0
60.81,74.42,4.21,480.1,0.34,1.65,0
77.92,75.39,7.11,825.19,2.47,1.09,0
85.96,72.24,5.7,775.97,2.28,1.15,0
99.63,59.92,8.11,472.81,2.82,1.13,0
68.83,63.91,5.83,909.72,1.15,0.01,0
74.84,92.32,7.87,267.93,3.33,1.81,0
71.54,66.72,7.88,469.88,3.48,1.28,0
81.21,56.63,5.44,599.61,1.58,1.89,0
87.99,73.42,5.17,1003.84,3.76,0.61,0
91.93,70.57,6.47,184.53,2.43,1.14,0
70.28,77.7,5.98,317.53,1.85,0.54,0
85.15,72.91,-0.51,1009.73,2.28,1.05,0
102.45,74.72,7.64,820.64,1.78,0.22,0
63.46,62.76,6.59,670.1,1.18,-0.13,0
106.62,81.78,4.16,1168.27,1.12,0.51,0
86.96,70.99,2.76,846.15,2.68,1.29,0
111.48,84.74,10.36,586.55,1.93,0.87,0
91.07,61.22,6.04,1435.18,1.74,2.52,0
109.49,81.86,9.06,613.61,2.73,0.79,0
66.28,81.17,9.58,623.34,1.23,0.77,0
75.2,84.96,2.31,832.96,1.87,0.59,0
36.38,72.25,5.98,429.6,1.02,-0.25,0
98.77,93.46,5.1,634.84,2.53,-0.17,0
84.11,89.04,3.05,782.07,2.21,0.56,0
116.83,61.53,8.43,944.19,1.06,1.27,0
71.1,87.57,6.63,386.82,1.88,0.17,0
100.49,63.99,4.25,695.85,0.92,1.0,0
62.21,87.21,3.75,1084.48,0.88,1.58,0
91.66,79.69,4.3,1780.62,0.94,0.6,0
74.38,79.09,11.46,999.58,2.3,0.53,0
77.74,78.26,5.34,1052.9,4.05,0.48,0
104.0,81.62,2.47,1143.51,2.53,0.41,0
73.11,66.34,2.79,1070.48,-0.16,0.65,0
94.16,60.15,8.32,820.32,2.35,1.17,0
117.16,74.0,5.76,311.01,2.46,0.39,0
76.6,83.91,11.18,902.64,3.84,0.31,0
72.57,75.91,4.64,1260.58,3.42,1.26,0
54.62,63.94,2.98,1214.52,1.72,0.92,0
89.61,77.87,-2.51,997.21,4.24,1.13,0
98.49,68.04,9.44,1161.65,1.01,0.09,0
74.61,92.85,5.07,1146.62,1.95,1.43,0
90.36,83.18,6.17,570.94,2.63,0.58,0
76.16,74.19,10.33,234.72,2.02,0.96,0
77.6,65.02,-0.06,910.06,2.18,1.23,0
97.79,75.83,7.97,1157.95,1.35,0.48,0
89.66,80.78,7.96,1032.7,3.6,0.95,0
83.28,77.12,11.16,1225.91,1.63,0.21,0
75.66,66.71,3.48,711.24,2.13,2.12,0
89.21,65.59,8.06,1395.17,1.0,-1.06,0
92.57,68.44,3.31,1000.01,2.98,0.84,0
67.0,95.08,8.38,750.26,3.74,1.0,0
108.79,59.49,10.91,989.17,0.91,1.38,0
94.93,91.58,8.81,841.36,2.39,2.21,0
79.98,91.09,4.29,1259.15,2.43,1.6,0
79.22,55.72,9.93,947.43,2.83,2.09,0
86.05,69.76,7.27,1519.27,0.28,0.18,0
76.0,84.91,9.87,1047.6,1.49,0.26,0
92.72,72.18,6.06,870.97,2.9,2.17,0
66.31,58.61,3.19,937.29,2.94,0.7,0
90.78,78.14,3.26,1133.08,1.98,1.17,0
81.27,74.36,6.0,1026.73,2.4,0.95,0
111.33,79.67,7.49,916.5,2.04,0.81,0
86.01,96.1,8.1,457.65,3.15,0.73,0
102.69,78.37,1.9,887.61,0.52,1.45,0
87.31,76.72,7.03,630.82,0.65,1.83,0
73.77,61.66,8.87,738.36,1.31,1.78,0
89.98,106.45,6.87,687.73,0.26,1.35,0
104.17,74.4,7.42,1034.95,1.66,1.4,0
85.87,53.69,7.05,704.11,3.42,1.55,0
95.67,75.46,2.43,1203.25,2.42,1.7,0
94.68,88.16,10.81,789.84,2.46,1.6,0
86.8,85.3,10.78,710.02,1.81,1.34,0
67.86,79.9,3.31,735.06,2.59,0.8,0
90.37,62.65,4.54,805.42,1.29,0.18,0
94.34,70.1,-3.51,655.54,0.52,0.97,0
78.25,64.26,5.76,954.09,1.7,1.96,0
93.41,58.77,9.22,980.42,2.72,1.3,0
85.08,63.89,6.08,681.31,2.4,0.53,0
76.01,76.03,7.55,886.72,2.3,-0.02,0
101.25,56.73,7.49,1114.55,1.93,1.78,0
103.57,86.09,6.34,411.81,1.99,0.97,0
83.28,78.93,8.17,809.75,2.77,1.34,0
105.31,75.04,9.55,679.96,3.35,2.24,0
107.54,85.18,4.4,1220.64,4.05,0.93,0
65.43,67.51,3.02,290.29,3.38,1.91,0
68.94,80.9,1.25,1159.27,2.27,0.72,0
83.66,60.72,7.15,684.85,2.3,1.16,0
81.65,49.16,5.36,684.0,2.88,1.66,0
53.99,67.38,8.02,1029.71,1.86,0.75,0
84.51,82.44,8.01,710.75,3.61,1.8,0
95.71,88.17,7.14,622.78,0.63,1.14,0
90.76,52.48,2.19,977.21,1.89,0.85,0
59.45,89.4,4.0,1425.28,0.93,1.11,0
64.3,77.54,9.84,1668.15,0.85,1.03,0
109.43,67.72,1.51,573.48,1.66,0.08,0
86.11,48.04,6.88,514.2,3.54,1.13,0
59.3,43.37,13.17,1065.31,2.03,-0.34,0
95.76,75.7,4.78,1249.01,3.49,0.9,0
80.96,74.49,5.29,694.04,0.4,1.13,0
54.41,69.51,5.23,1301.8,1.48,0.59,0
83.91,64.65,6.8,835.51,2.34,0.87,0
72.3,83.32,7.97,1015.72,2.52,1.44,0
58.62,74.24,6.29,632.83,2.72,1.01,0
62.28,70.3,5.79,1110.8,0.75,1.56,0
78.3,87.72,2.44,972.26,1.62,0.93,0
95.29,72.56,2.74,792.6,2.57,2.05,0
97.85,82.4,9.17,700.29,1.39,1.55,0
88.21,83.2,4.23,1010.7,1.51,0.58,0
92.79,77.1,5.31,709.13,2.77,1.93,0
85.37,80.68,5.75,563.87,2.34,1.63,0
73.4,61.43,4.55,601.92,3.15,0.92,0
142.79,89.83,4.35,691.46,2.67,0.94,0
93.56,73.13,6.5,1041.94,3.87,1.14,0
85.19,82.28,3.15,1042.87,2.98,1.67,0
88.36,80.04,3.61,927.62,1.8,0.11,0
78.98,80.79,8.0,1031.14,0.84,1.13,0
95.35,86.06,2.89,1632.37,1.84,2.59,0
91.03,71.24,3.9,644.73,0.06,2.65,0
83.37,79.41,10.41,1461.32,2.5,-0.36,0
102.03,68.42,8.84,689.13,1.25,0.91,0
107.99,110.82,4.27,730.48,3.07,0.32,0
92.73,61.6,5.84,373.37,1.5,0.96,0
72.59,64.78,6.75,822.6,2.8,2.26,0
99.31,76.92,7.5,828.66,0.33,0.91,0
94.77,81.02,3.36,1039.93,-0.0,0.46,0
89.84,72.24,8.58,726.57,1.32,1.46,0
80.67,48.37,9.32,368.86,3.59,0.88,0
84.72,76.03,8.08,1178.43,3.17,0.72,0
80.27,88.41,8.23,1056.21,1.85,1.66,0
84.71,73.49,8.47,1015.79,1.98,0.27,0
82.6,71.94,2.83,932.72,0.19,-0.73,0
97.86,81.59,7.44,554.4,1.85,0.14,0
107.13,81.57,1.11,674.78,2.89,0.71,0
73.61,104.12,7.73,896.55,2.05,0.67,0
100.81,88.35,12.23,884.66,1.71,1.53,0
64.33,67.45,9.54,904.84,2.44,1.76,0
102.69,64.58,6.24,495.82,1.97,0.76,0
112.47,79.68,7.07,763.44,0.82,0.57,0
65.2,97.45,7.23,495.02,2.49,0.8,0
92.38,52.44,7.78,1099.99,1.76,0.8,0
71.52,55.97,4.17,1022.72,1.99,0.89,0
76.35,100.06,5.88,503.3,1.32,-0.21,0
99.26,87.26,8.87,742.03,2.3,1.58,0
113.14,68.22,4.55,658.2,3.07,1.38,0
90.13,58.47,10.22,1228.44,1.56,1.7,0
87.26,80.2,5.61,1209.2,2.69,0.27,0
98.04,85.74,7.76,666.19,1.99,0.55,0
77.11,71.3,7.73,977.03,2.88,0.73,0
92.73,68.57,1.84,745.23,1.66,0.67,0
72.4,66.49,3.02,652.25,2.19,-1.36,0
87.75,86.02,9.82,812.19,1.27,1.65,0
98.08,86.71,7.53,945.42,0.3,1.18,0
73.49,71.46,5.41,1408.06,1.02,1.36,0
92.71,54.51,8.29,622.38,2.12,0.48,0
117.3,69.99,5.43,906.7,1.79,1.46,0
99.39,63.98,7.58,382.27,2.15,0.77,0
106.77,81.67,8.85,909.64,-0.52,0.17,0
92.47,63.88,6.73,673.54,0.7,1.23,0
84.48,63.58,3.39,564.62,-0.13,1.68,0
55.6,75.23,5.03,943.3,2.45,0.52,0
87.5,81.68,8.38,1042.39,0.51,1.36,0
90.74,97.65,6.05,973.49,2.28,-1.08,0
68.16,70.04,5.72,763.36,0.59,2.06,0
95.12,64.68,-0.22,864.7,1.56,0.98,0
84.26,52.11,6.82,1090.6,2.58,1.26,0
81.79,73.14,2.61,357.22,3.04,1.43,0
99.76,79.01,5.45,1006.6,2.12,0.85,0
70.02,60.1,14.75,1273.03,3.59,0.82,0
108.26,78.09,6.41,621.53,2.27,0.97,0
88.51,75.93,5.97,1361.76,2.03,1.13,0
65.08,67.3,7.77,89.0,2.42,0.62,0
89.34,80.83,4.49,1253.48,1.84,1.8,0
73.48,72.45,4.41,316.04,1.49,1.26,0
87.95,80.85,8.04,1001.81,0.4,0.58,0
96.08,96.65,6.92,795.55,0.88,0.1,0
69.94,75.86,7.55,967.18,0.14,2.7,0
87.57,72.71,3.53,877.52,2.1,0.21,0
64.83,93.2,12.83,764.92,2.41,2.05,0
80.77,103.94,6.98,608.31,1.91,2.26,0
78.7,61.44,8.24,584.94,1.32,2.76,0
108.69,73.53,5.63,1206.49,3.43,0.48,0
106.8,63.48,6.37,-13.4,0.75,-0.28,0
78.32,55.14,8.72,1036.87,2.54,2.52,0
79.56,78.46,4.78,1001.7,2.26,0.32,0
92.07,41.01,0.44,378.66,2.73,1.76,0
90.02,80.39,6.64,513.72,2.73,0.62,0
89.29,77.29,4.89,653.35,1.88,1.59,0
79.18,70.34,0.13,594.63,2.99,0.47,0
76.57,100.07,4.06,1014.43,0.83,0.76,0
75.81,52.56,9.12,764.61,3.85,1.07,0
111.94,88.85,7.1,627.1,0.98,0.56,0
108.21,70.06,5.4,1155.48,2.18,2.08,0
62.26,69.44,4.66,1023.59,3.32,0.59,0
84.8,99.29,5.25,671.52,1.93,0.61,0
88.04,89.4,6.66,720.11,1.73,0.38,0
94.49,81.62,6.05,1263.2,3.67,0.69,0
76.72,69.59,5.63,905.41,2.07,1.37,0
119.48,83.79,9.1,762.99,1.9,0.88,0
72.51,56.77,2.1,889.03,3.24,2.03,0
69.13,58.64,0.98,808.2,3.19,0.82,0
76.44,87.46,11.4,990.42,0.79,0.52,0
106.31,68.0,7.65,972.54,1.07,-0.49,0
102.84,58.23,3.01,1318.63,2.39,2.18,0
75.44,59.55,4.76,1610.79,1.57,1.19,0
76.67,90.91,2.18,1117.35,1.95,0.79,0
66.69,67.06,8.15,688.89,2.9,0.84,0
77.04,69.35,2.62,757.91,2.27,1.69,0
75.43,87.99,3.7,487.31,1.52,1.15,0
121.83,56.43,5.55,1022.44,3.2,0.95,0
60.09,55.43,6.24,649.72,4.03,0.32,0
85.42,88.63,1.25,875.22,2.83,0.59,0
89.86,60.0,0.77,1073.68,2.51,0.39,0
79.22,82.25,4.36,1038.01,2.2,1.48,0
95.22,72.16,4.23,879.83,1.89,2.77,0
84.41,86.19,11.02,583.59,2.11,-0.15,0
100.8,95.97,7.56,688.83,0.58,1.61,0
68.78,63.61,5.6,1330.93,3.54,1.01,0
65.85,93.25,1.79,832.26,1.36,1.91,0
89.07,80.6,5.88,1171.49,1.72,2.63,0
88.12,84.33,13.62,970.84,1.17,0.19,0
94.18,69.57,6.41,1276.6,1.88,0.73,0
91.44,89.47,4.56,384.7,2.86,1.4,0
85.45,61.72,8.45,1130.99,1.9,0.92,0
83.95,72.76,2.78,954.9,0.02,0.78,0
91.89,39.11,6.14,923.53,1.39,0.34,0
100.46,69.36,8.98,694.3,1.97,0.43,0
101.21,61.23,6.6,703.01,2.02,1.76,0
93.4,78.89,7.2,855.86,2.87,1.39,0
98.97,78.19,7.94,1146.09,2.91,0.46,0
94.16,72.71,6.23,1307.79,2.11,1.33,0
72.41,69.76,-1.11,614.71,4.35,1.22,0
80.36,74.21,12.13,1108.78,0.6,0.08,0
87.67,86.96,9.09,1495.09,2.29,0.91,0
94.31,70.29,6.2,1635.71,1.75,0.5,0
99.63,72.04,3.67,593.02,0.82,0.63,0
78.4,74.18,8.53,707.48,2.42,2.82,0
106.14,90.27,7.61,745.52,1.96,1.93,0
77.24,78.17,4.28,701.69,2.38,0.78,0
100.98,77.4,4.02,1236.45,1.8,1.64,0
86.23,81.52,3.92,685.35,3.05,1.15,0
98.34,64.84,8.19,582.36,2.05,1.63,0
83.27,83.64,6.83,789.41,0.31,0.42,0
62.72,76.27,6.15,774.31,1.27,1.02,0
80.48,59.48,9.59,1142.11,2.83,1.41,0
100.48,85.94,1.25,936.67,2.78,0.74,0
62.82,63.52,4.21,1235.91,2.87,0.73,0
87.95,98.85,7.36,606.52,2.23,0.36,0
106.7,58.58,7.18,712.23,1.37,1.33,0
94.88,68.88,3.25,629.87,1.6,0.93,0
82.2,52.05,7.31,13.73,1.83,1.46,0
71.58,78.24,6.29,895.33,2.74,0.48,0
78.09,92.81,4.42,798.21,0.88,1.89,0
103.84,53.15,6.45,1159.03,1.62,0.1,0
77.82,68.16,5.96,1214.18,1.45,1.16,0
88.33,79.23,5.18,1222.57,1.2,0.44,0
80.36,71.89,3.95,583.05,0.26,0.25,0
78.48,89.68,8.07,1274.91,3.43,0.62,0
78.07,62.32,5.79,888.26,2.08,1.07,0
86.44,68.65,5.23,1490.08,1.03,0.23,0
77.26,67.7,4.69,1310.43,1.75,1.34,0
76.67,53.18,3.1,1215.66,1.62,0.28,0
83.51,87.85,7.25,1208.75,2.27,0.92,0
94.75,94.79,6.82,559.75,0.47,0.92,0
98.09,85.27,3.66,896.86,0.59,0.92,0
65.8,66.52,9.76,771.5,3.47,0.99,0
76.54,81.96,12.07,825.64,1.66,1.09,0
85.31,80.94,6.39,1354.62,2.05,2.48,0
66.1,70.09,0.51,566.3,2.85,1.72,0
95.63,82.0,3.78,626.51,2.75,2.37,0
69.68,87.5,4.76,1134.61,0.39,0.76,0
91.6,64.63,3.55,1586.64,2.41,0.46,0
52.02,80.04,1.55,1020.0,-0.75,0.87,0
63.28,73.87,4.6,831.92,1.51,1.66,0
112.7,66.24,9.57,361.76,3.15,1.61,0
84.01,76.72,7.27,1254.0,1.62,1.37,0
108.48,51.59,8.46,337.5,4.16,0.65,0
79.37,61.47,9.11,1282.41,0.1,0.57,0
76.62,74.32,4.2,787.35,1.01,1.37,0
62.15,78.72,5.96,1399.68,2.1,0.51,0
102.93,72.77,8.92,668.34,2.47,2.0,0
74.5,61.59,7.96,844.77,3.39,0.09,0
86.99,51.4,8.25,867.04,2.57,0.75,0
69.6,76.68,3.47,1072.21,1.2,0.3,0
104.22,76.85,5.27,1052.79,2.04,1.72,0
87.91,72.02,8.51,1309.66,1.66,2.22,0
78.3,77.81,6.54,1014.41,1.43,0.41,0
101.76,78.02,8.35,988.18,1.55,1.86,0
112.01,90.82,10.09,754.82,2.43,0.27,0
106.6,83.88,7.25,1350.82,3.52,1.51,0
83.65,73.33,10.86,365.81,2.86,0.95,0
81.65,59.31,2.38,1206.59,3.58,0.17,0
87.95,80.89,9.08,927.35,2.19,-0.22,0
60.99,67.44,3.45,798.14,3.06,1.57,0
104.94,67.65,7.98,1737.66,3.27,1.57,0
94.64,69.2,4.08,1429.47,-0.2,1.05,0
91.72,94.86,6.24,1089.26,1.68,1.17,0
93.55,87.58,3.67,445.85,2.57,1.29,0
91.85,65.93,2.21,882.61,1.96,2.21,0
83.45,72.64,7.59,1094.07,0.26,2.39,0
87.8,81.64,9.61,942.71,2.73,0.49,0
60.35,69.43,4.01,694.67,1.54,1.16,0
82.36,75.53,6.11,501.66,1.74,1.46,0
106.66,60.49,8.1,622.69,3.14,0.82,0
66.23,71.39,2.4,1038.38,3.25,0.35,0
90.28,71.6,13.76,473.14,1.69,2.03,0
81.38,61.06,9.87,911.91,2.88,1.45,0
109.92,54.05,5.06,813.44,1.5,-0.07,0
84.32,80.41,1.99,960.72,-0.06,1.21,0
74.62,81.87,4.36,548.72,2.58,-1.12,0
62.12,59.48,9.28,802.04,2.41,1.29,0
68.95,79.34,3.54,1061.93,0.43,1.43,0
77.66,67.96,6.45,1217.87,2.95,2.37,0
105.73,95.82,7.08,1041.14,2.82,0.65,0
102.54,65.59,7.2,327.24,1.4,0.67,0
101.0,71.54,5.47,781.97,0.47,2.04,0
92.61,66.49,2.76,917.46,3.23,2.23,0
97.31,58.54,6.32,962.66,2.81,0.6,0
96.51,59.91,8.7,477.91,1.78,0.99,0
79.61,70.96,4.48,759.2,2.44,-0.96,0
93.14,80.6,4.79,1296.3,0.87,1.36,0
93.76,88.91,9.48,1418.39,0.81,1.78,0
112.7,50.4,8.48,1129.26,1.18,1.35,0
95.23,83.58,13.15,1211.4,1.08,1.83,0
100.66,77.69,8.31,733.42,4.17,1.05,0
108.69,65.27,4.21,831.6,-0.2,0.6,0
122.9,82.32,5.01,672.1,3.03,0.31,0
78.05,86.85,8.04,932.4,0.91,0.5,0
78.01,74.09,2.54,628.01,2.56,1.16,0
88.36,77.05,4.99,830.68,3.19,0.74,0
77.24,70.89,9.09,991.84,3.85,1.01,0
88.63,71.16,8.26,1187.4,2.56,0.93,0
84.5,75.71,0.46,1293.35,2.21,-0.44,0
56.3,76.82,6.6,1099.06,1.86,1.15,0
59.13,64.98,7.42,592.18,2.78,0.68,0
64.31,80.44,7.67,749.14,2.98,0.07,0
73.03,67.1,5.88,937.94,0.98,1.01,0
115.15,75.41,11.19,1325.84,2.83,-0.18,0
64.6,96.06,4.71,805.18,2.67,0.47,0
93.37,70.96,6.88,715.18,3.22,0.11,0
92.45,61.66,5.94,1107.97,3.62,0.6,0
89.19,96.82,12.2,349.27,4.01,-0.17,0
83.57,66.2,6.92,913.22,1.57,1.41,0
82.93,77.96,5.68,291.7,1.23,1.36,0
88.74,77.43,2.83,507.67,2.56,1.8,0
88.29,95.43,7.52,923.4,2.07,1.03,0
80.38,59.77,11.42,1284.84,2.36,2.4,0
117.45,83.31,8.87,1149.95,-0.05,0.93,0
94.72,80.98,9.66,634.19,3.14,1.2,0
94.68,77.7,7.8,1031.75,1.37,1.79,0
96.19,75.22,7.25,994.3,2.75,1.44,0
78.6,63.88,8.91,615.38,3.03,0.96,0
85.7,78.86,2.78,994.24,1.87,1.52,0
87.87,56.83,14.81,825.31,3.41,1.36,0
104.18,68.65,3.21,661.2,1.43,2.08,0
85.43,73.88,5.33,806.2,2.78,-0.16,0
107.85,88.68,2.77,800.23,2.18,1.03,0
81.49,93.97,3.71,1110.94,2.25,1.65,0
72.75,70.25,2.4,1019.11,1.7,-0.02,0
103.1,60.57,4.46,1071.73,0.71,1.3,0
87.2,77.45,4.48,1082.74,3.02,0.14,0
81.49,62.82,9.11,1649.53,0.03,0.54,0
82.49,68.33,6.87,1039.28,1.2,0.56,0
99.53,93.13,5.82,503.73,1.87,1.33,0
74.43,61.77,5.44,1118.93,3.4,1.41,0
77.16,68.63,5.83,994.33,1.07,1.39,0
89.93,59.04,4.85,841.97,2.91,0.41,0
98.86,89.16,6.47,775.61,2.03,0.83,0
77.05,72.73,7.62,965.52,2.41,1.92,0
89.89,66.38,-0.31,1256.12,3.39,0.67,0
80.36,68.84,4.46,1007.9,1.81,0.96,0
93.9,89.62,6.23,1312.38,2.51,1.88,0
94.24,77.65,5.29,1081.09,2.87,1.91,0
92.7,86.06,8.63,1286.66,1.77,1.45,0
68.78,61.74,6.03,849.47,1.43,1.16,0
86.46,73.47,3.99,860.1,1.55,1.06,0
98.73,64.21,5.65,1342.53,5.16,0.41,0
74.47,57.59,2.82,1542.9,2.29,0.98,0
91.66,68.53,5.58,911.57,2.61,1.85,0
95.66,67.71,3.8,1225.57,2.23,0.56,0
79.38,64.95,7.46,865.86,3.07,0.23,0
81.4,67.93,9.15,1469.37,1.2,-0.67,0
95.69,61.83,2.18,865.2,2.36,0.98,0
80.09,74.85,-1.49,759.07,0.12,1.37,0
66.67,77.6,8.2,677.28,0.55,0.59,0
92.34,60.99,5.01,498.15,0.39,0.66,0
77.13,92.72,0.61,1064.42,2.1,0.74,0
68.06,56.8,4.64,882.82,1.59,1.24,0
95.83,78.55,4.73,981.67,1.55,1.01,0
90.36,82.01,9.22,1303.83,2.19,0.49,0
87.56,42.03,8.48,376.9,3.11,0.43,0
86.38,70.12,9.24,1105.59,2.52,0.06,0
96.15,80.49,3.56,646.84,2.14,0.36,0
64.78,67.72,5.49,1143.98,1.97,0.14,0
59.35,49.55,0.92,919.51,3.41,-1.04,0
89.62,48.14,7.5,941.9,3.42,1.92,0
79.55,78.51,10.87,1432.65,1.6,1.59,0
87.25,66.99,3.94,868.69,2.75,1.55,0
86.71,63.76,12.56,1035.05,2.66,0.78,0
101.55,64.08,13.18,989.36,2.48,2.07,0
55.19,83.24,8.83,1320.6,1.2,0.38,0
81.7,76.27,7.46,809.13,1.69,0.4,0
99.04,101.63,8.42,643.65,1.54,0.1,0
107.17,98.72,3.36,842.01,2.28,0.66,0
76.83,49.96,8.19,875.43,0.99,0.53,0
83.55,80.5,9.76,910.03,2.48,1.07,0
88.17,67.35,2.29,947.43,2.32,1.71,0
110.45,89.75,6.04,292.49,1.67,1.74,0
81.29,72.25,2.63,1094.66,2.38,1.33,0
53.77,81.42,9.86,815.05,2.61,1.83,0
111.32,64.36,4.68,1536.49,2.75,0.75,0
65.79,64.94,2.9,280.41,2.33,1.77,0
72.87,94.41,5.62,893.44,1.86,1.61,0
63.87,83.18,1.2,620.7,2.44,1.88,0
62.45,62.95,6.93,886.62,2.7,1.3,0
123.6,96.99,1.58,782.88,3.95,2.71,0
78.69,79.85,2.74,973.51,3.52,0.63,0
79.86,89.83,9.77,819.01,2.13,-0.06,0
80.97,95.87,2.97,1077.7,0.43,-0.27,0
101.9,67.37,5.76,844.63,2.34,0.4,0
72.97,62.15,8.84,436.96,2.88,1.38,0
95.44,68.41,10.36,1292.96,2.89,-0.17,0
81.54,85.98,5.12,958.03,2.02,1.67,0
84.19,65.0,9.36,1087.47,2.39,1.58,0
44.55,74.03,3.18,906.92,2.43,0.73,0
80.91,53.69,5.29,319.77,-0.52,1.42,0
81.31,73.85,4.03,1302.65,2.2,0.03,0
85.89,84.77,1.88,1054.84,1.01,1.43,0
81.11,79.2,5.63,756.65,1.16,0.62,0
110.04,107.32,2.91,647.57,2.11,0.5,0
91.06,89.31,2.6,931.06,1.31,-0.19,0
65.57,78.61,7.51,1106.17,1.69,1.01,0
65.65,70.68,5.85,647.85,1.54,1.26,0
113.29,53.66,7.05,1329.35,1.9,0.42,0
87.62,78.84,3.47,821.99,1.73,1.24,0
86.1,53.57,9.18,790.45,2.4,1.89,0
88.86,68.95,6.31,636.0,0.05,0.62,0
60.18,64.82,1.83,769.98,0.13,0.15,0
69.82,74.62,6.98,1218.38,1.35,-0.18,0
82.63,70.04,8.37,1294.22,1.0,-0.53,0
85.08,43.75,4.95,976.12,3.48,0.53,0
111.28,94.51,15.34,667.49,1.0,1.08,0
63.05,79.36,7.83,1246.8,1.36,1.19,0
73.33,71.4,5.85,278.59,0.46,2.0,0
63.89,72.08,4.03,784.35,1.87,0.67,0
79.43,71.71,7.7,1098.14,1.91,0.89,0
79.86,93.75,5.66,636.99,3.08,0.19,0
53.9,63.91,8.05,1122.32,1.05,0.91,0
103.69,54.55,-0.3,1105.97,3.92,1.9,0
101.37,70.6,13.18,678.68,3.03,1.09,0
89.44,85.64,6.79,717.45,2.21,-0.06,0
88.92,69.95,0.15,597.64,1.76,0.52,0
107.56,74.26,6.21,104.45,2.37,1.08,0
77.23,56.23,7.05,1341.48,2.32,1.17,0
86.6,95.45,10.91,1042.73,2.94,0.9,0
74.31,74.37,7.69,992.92,3.0,3.3,0
76.85,58.14,5.56,395.74,0.23,-0.06,0
84.51,74.41,6.86,910.28,2.53,0.6,0
76.8,85.14,8.66,1018.68,2.85,1.31,0
76.4,71.65,2.41,-66.3,2.42,1.41,0
82.83,51.87,-0.66,1305.92,0.94,0.73,0
87.97,79.73,7.17,741.6,2.13,0.48,0
84.64,79.42,6.35,716.65,1.29,1.58,0
85.21,80.78,10.14,704.24,1.24,2.34,0
63.77,80.24,10.11,813.63,1.25,0.35,0
90.42,52.6,6.44,1017.36,3.41,0.5,0
75.6,93.94,6.25,324.8,1.61,1.4,0
100.22,78.45,4.73,378.24,2.16,1.96,0
57.39,74.45,5.08,1232.01,2.0,0.55,0
111.56,77.58,7.52,904.51,1.57,0.83,0
65.81,69.91,9.14,217.61,0.93,1.78,0
75.63,68.16,4.99,838.76,0.74,1.19,0
84.48,73.61,5.95,864.7,0.8,1.13,0
85.39,78.95,1.98,1835.3,0.99,1.64,0
84.46,51.36,6.97,1019.22,0.83,1.48,0
74.11,84.01,5.39,563.77,2.37,1.91,0
74.45,78.03,12.97,711.29,3.81,1.0,0
108.07,84.49,8.46,1247.05,1.55,1.2,0
102.24,76.1,8.87,1109.69,2.62,1.75,0
90.42,66.78,7.54,895.13,1.89,1.91,0
83.56,74.23,2.79,707.04,1.79,2.12,0
80.51,63.55,3.11,1233.63,2.15,1.69,0
123.4,72.66,6.25,643.85,0.41,0.17,0
75.83,69.6,5.94,948.19,3.03,2.02,0
86.83,83.94,6.41,766.92,1.61,0.2,0
63.9,90.09,6.87,1098.68,2.81,0.34,0
71.15,68.58,2.46,588.27,1.88,1.88,0
100.05,67.79,1.7,654.63,2.41,0.44,0
64.72,79.3,5.34,1406.26,3.51,0.94,0
70.36,66.23,7.83,973.53,1.78,1.82,0
100.8,84.1,1.33,1118.04,1.97,1.79,0
68.4,83.93,4.0,374.71,0.56,0.99,0
83.92,92.04,3.94,426.17,2.2,1.12,0
105.34,90.86,4.79,789.2,2.66,2.03,0
95.5,90.55,10.43,600.92,2.64,0.22,0
92.4,72.89,6.12,822.88,2.64,1.3,0
87.77,83.02,9.11,983.27,1.52,-0.41,0
112.19,86.83,3.86,458.66,3.36,0.53,0
90.21,91.66,5.93,1346.88,3.34,1.28,0
74.09,67.75,8.67,875.07,3.73,0.62,0
61.45,92.67,4.96,1445.93,1.11,1.23,0
59.46,77.58,5.19,777.91,2.33,-0.1,0
100.44,81.1,2.35,904.2,1.19,1.68,0
82.22,67.23,6.53,97.63,1.41,0.06,0
76.56,69.53,3.88,678.89,1.09,0.82,0
88.84,49.99,8.13,722.58,-0.06,2.09,0
95.62,85.43,0.54,1000.88,1.97,1.7,0
99.74,95.7,6.06,1366.56,3.22,1.13,0
91.12,84.22,7.02,512.72,1.41,0.56,0
94.33,85.51,5.65,1115.75,0.78,0.59,0
77.81,70.7,6.47,984.01,3.59,0.9,0
108.47,85.71,4.4,675.76,1.67,1.43,0
87.94,76.7,8.19,1610.22,0.49,0.15,0
86.31,75.17,3.3,867.56,2.64,1.47,0
76.9,70.38,9.37,518.89,2.98,1.42,0
109.98,71.55,5.58,565.64,1.6,1.44,0
134.39,74.99,6.67,98.0,2.15,4.65,1
31.91,128.82,5.82,1679.74,2.02,0.74,1
72.57,131.35,4.55,1188.28,5.97,4.39,1
36.79,75.08,5.05,1769.4,2.13,4.53,1
67.13,15.98,14.55,780.87,5.65,1.24,1
62.46,62.62,0.13,64.64,2.43,3.49,1
89.28,134.32,14.46,1319.83,1.33,3.18,1
72.76,136.59,0.34,1713.18,2.33,0.87,1
20.79,11.44,7.08,875.68,0.78,4.03,1
10.7,129.85,0.18,362.08,0.52,0.74,1
21.88,71.24,14.45,905.88,5.32,0.8,1
92.24,68.69,0.24,87.74,5.87,4.66,1
94.51,14.27,0.25,1038.25,1.67,3.76,1
100.86,79.27,14.01,887.6,5.48,4.53,1
142.09,80.27,2.42,1618.33,5.49,-1.08,1
82.09,80.9,6.25,1639.81,5.4,4.8,1
83.84,139.59,4.23,88.03,6.43,2.28,1
80.23,88.53,0.18,559.31,6.4,3.53,1
67.06,139.49,6.59,1636.25,6.99,0.77,1
83.45,21.36,5.62,1775.56,6.97,-0.02,1
136.22,17.67,6.89,745.02,6.52,1.7,1
141.16,78.34,0.37,1736.59,3.4,2.0,1
146.57,24.94,14.23,193.66,2.64,1.09,1
82.58,25.85,3.3,1378.25,6.22,4.18,1
89.04,10.79,0.35,720.52,1.51,4.73,1
85.9,126.06,13.93,1340.94,6.37,-0.01,1
144.88,19.31,7.66,105.11,2.64,1.2,1
91.19,83.02,13.98,88.65,-0.01,4.43,1
79.13,136.19,0.31,1183.11,4.8,3.53,1
140.94,61.9,6.99,1264.4,5.27,4.19,1
25.45,15.76,0.12,657.72,2.34,2.02,1
19.91,85.59,14.21,1362.13,2.53,4.53,1
25.48,16.22,14.9,735.02,2.39,2.59,1
100.84,69.54,14.74,1743.45,2.29,3.49,1
140.6,15.84,14.68,1113.74,1.32,1.27,1
90.12,70.72,0.33,148.14,5.63,1.35,1
74.94,26.23,5.21,128.94,5.61,2.13,1
105.89,69.23,14.85,1644.91,0.51,3.46,1
145.61,24.0,14.57,152.16,1.61,1.75,1
66.09,134.79,0.33,99.8,1.7,2.01,1
88.46,79.6,0.28,1243.95,6.1,4.27,1
88.9,133.65,0.13,848.62,5.34,1.43,1
15.1,121.85,5.29,969.52,1.49,3.3,1
112.78,80.55,14.44,1164.69,5.4,3.55,1
133.52,136.86,7.85,549.67,1.72,3.26,1
145.43,121.37,6.0,70.85,2.77,1.33,1
13.43,64.84,5.57,1677.23,6.61,1.14,1
75.07,26.43,13.36,1423.38,2.57,3.44,1
99.48,123.09,0.17,501.3,6.4,4.24,1
144.83,98.95,4.26,1696.93,6.91,1.64,1
145.55,135.0,4.91,864.85,0.59,4.83,1
73.41,11.79,4.96,640.67,6.89,4.53,1
76.84,73.41,13.01,1735.11,5.36,1.12,1
25.08,88.91,13.79,1675.79,5.73,0.64,1
92.51,73.26,14.88,95.9,0.54,4.85,1
98.89,75.1,0.37,1749.49,1.45,3.15,1
77.47,133.35,8.54,1657.86,6.99,1.76,1
136.31,135.62,8.88,1037.52,6.09,1.28,1
30.82,61.55,14.04,690.12,5.26,1.45,1
145.05,68.54,5.44,467.19,5.27,3.92,1
33.04,70.64,14.75,1177.58,5.21,0.92,1
101.71,27.46,0.25,1654.9,3.58,1.26,1
95.77,123.76,7.01,669.37,5.18,3.8,1
144.02,70.57,0.26,1744.18,1.45,1.23,1
144.82,81.05,4.01,1660.39,0.08,4.73,1
74.87,75.15,0.29,803.47,5.66,4.87,1
87.9,126.71,14.01,87.29,-0.08,0.02,1
18.01,60.47,8.52,110.47,3.11,4.83,1
97.2,134.02,13.4,468.38,3.16,4.51,1
99.3,56.77,13.37,1196.58,6.29,4.84,1
35.37,85.14,14.04,1668.07,2.61,0.65,1
97.33,132.15,1.93,1693.38,2.57,3.54,1
104.61,63.02,11.55,1622.93,6.19,3.3,1
90.54,127.31,13.08,1272.86,5.13,0.46,1
83.39,23.27,7.56,937.03,6.75,3.22,1
17.23,67.41,14.86,85.78,2.45,1.66,1
35.87,74.18,0.32,579.44,2.41,4.02,1
97.34,77.28,7.21,1677.06,5.99,3.46,1
70.93,10.18,14.69,942.99,1.26,3.91,1
133.6,28.02,13.89,1407.7,2.21,0.52,1
95.88,12.54,3.57,56.76,6.35,1.14,1
87.47,122.16,14.24,662.99,5.12,1.07,1
63.97,63.23,14.01,148.75,2.58,4.96,1
136.16,76.52,14.99,78.6,1.69,1.5,1
29.56,20.52,4.46,1650.48,1.82,1.2,1
142.58,59.97,0.21,947.63,0.43,3.2,1
138.84,96.58,8.1,80.19,6.24,1.13,1
96.69,136.24,13.07,1131.14,0.59,3.55,1
31.31,61.19,0.37,1028.63,1.9,4.35,1
147.44,16.65,6.37,1375.35,6.36,1.93,1
131.55,23.47,14.23,1338.68,2.04,1.26,1
81.78,58.01,2.77,1688.2,6.72,4.06,1
60.89,27.32,13.22,1280.0,1.78,4.96,1
97.19,15.13,4.18,924.73,6.96,4.38,1
17.68,54.29,0.27,513.16,5.36,2.14,1
71.47,123.65,13.04,59.61,2.14,0.93,1
133.54,135.35,2.59,952.18,5.35,0.54,1
135.27,23.46,8.27,1767.32,2.9,1.16,1
18.97,127.92,13.24,523.95,0.92,2.17,1
148.54,80.67,14.4,984.92,2.33,3.58,1
59.75,18.35,5.1,67.47,5.64,1.73,1
137.61,75.03,13.06,1036.17,3.12,3.44,1
143.48,65.9,13.29,551.09,6.58,2.12,1
144.95,78.6,0.29,1632.5,1.94,-0.1,1
143.67,89.54,5.47,1180.82,6.3,4.21,1
89.2,21.17,10.75,1005.5,6.83,4.71,1
25.95,138.64,3.37,657.08,5.56,0.46,1
33.59,130.86,9.92,502.55,5.18,1.07,1
18.17,87.09,13.54,1074.53,5.85,1.42,1
94.58,28.92,10.5,1730.26,5.81,0.15,1
84.86,24.1,0.25,96.42,1.74,0.18,1
55.31,131.74,5.35,970.16,6.84,3.8,1
15.61,108.78,0.32,1014.88,5.38,0.9,1
77.96,72.19,13.19,1774.47,6.13,0.55,1
16.41,80.81,0.25,1743.05,2.08,1.29,1
26.67,91.15,5.24,995.09,6.22,3.36,1
84.44,25.21,13.58,1124.23,5.46,0.97,1
80.25,18.37,0.32,682.54,2.8,4.27,1
90.99,67.98,7.62,53.11,6.78,4.6,1
87.13,139.65,0.77,937.66,5.59,3.14,1
87.0,10.62,5.44,70.01,0.97,4.51,1
18.73,71.31,2.3,1106.06,5.62,4.95,1
61.65,13.41,12.83,912.91,5.48,4.69,1
92.62,18.17,0.11,122.65,1.77,1.36,1
141.03,18.62,0.19,456.24,2.31,0.8,1
21.71,77.33,7.19,122.56,5.82,0.7,1
136.18,124.17,13.19,610.56,1.79,0.54,1
135.18,129.06,7.17,831.67,0.74,4.38,1
147.11,125.95,8.2,825.98,5.11,1.13,1
99.88,125.93,0.66,1689.82,5.72,0.36,1
15.56,76.88,3.18,932.4,5.41,3.74,1
79.59,68.42,14.15,754.9,5.97,4.87,1
92.12,72.38,0.35,1238.34,5.38,3.52,1
65.32,21.1,14.31,1788.17,2.7,1.5,1
92.76,14.88,0.15,896.39,1.28,4.63,1
140.35,97.18,6.3,1673.7,2.7,3.71,1
70.76,132.01,0.16,711.56,2.17,4.57,1
91.21,87.32,13.69,1793.08,6.35,1.81,1
11.31,26.76,7.41,112.93,2.12,2.71,1
136.48,132.06,7.22,120.29,0.77,0.18,1
83.68,28.34,0.22,141.35,1.68,0.91,1
123.7,74.09,13.61,102.55,6.19,0.94,1
149.49,61.44,10.82,884.76,5.18,3.55,1
87.8,24.25,6.09,125.9,6.82,1.16,1
12.48,73.09,0.1,98.97,0.9,0.14,1
33.19,11.73,5.92,1331.45,1.76,4.57,1
145.58,27.03,13.73,1391.16,2.54,2.17,1
85.51,21.94,9.26,1613.47,5.8,1.46,1
20.53,122.11,14.74,113.36,0.97,1.98,1
35.6,49.43,13.64,786.67,6.8,1.28,1
73.33,79.6,0.36,1637.51,2.37,4.27,1
133.75,68.69,-0.22,1744.16,5.88,1.2,1
82.24,69.0,13.74,81.2,0.5,4.38,1
86.14,132.21,9.07,52.52,2.37,4.46,1
68.45,10.21,6.61,138.64,6.82,0.94,1
147.55,71.93,0.39,1713.24,1.16,3.99,1
134.6,25.61,7.63,385.19,1.52,3.11,1
31.99,79.16,8.57,1641.74,2.5,3.64,1
140.09,74.11,2.18,144.68,3.18,4.07,1
117.48,135.34,5.43,596.21,6.91,4.5,1
86.07,96.07,0.25,1261.75,6.69,4.61,1
93.07,121.66,7.02,1707.49,5.13,1.39,1
101.09,90.98,0.33,145.74,2.24,3.27,1
55.5,59.48,7.1,148.97,5.23,4.36,1
21.51,61.66,3.68,1759.02,5.98,0.0,1
94.49,129.8,0.23,1631.02,2.94,-0.0,1
90.08,10.02,4.82,136.08,6.73,1.34,1
25.16,79.11,2.64,1734.82,2.27,3.61,1
141.15,70.98,0.93,818.89,5.68,3.86,1
81.27,136.15,7.71,1639.02,1.34,3.31,1
75.23,65.51,5.04,69.1,6.31,4.04,1
54.43,87.14,0.29,903.65,5.49,4.74,1
135.05,58.81,6.62,994.12,6.28,4.92,1
28.86,70.02,0.15,454.62,3.51,3.59,1
33.76,25.56,10.59,877.7,6.15,0.59,1
34.3,97.85,0.24,1250.32,6.31,1.82,1
82.84,127.25,14.2,147.16,1.99,1.55,1
32.78,86.42,6.58,1632.37,6.9,0.83,1
81.18,15.0,5.34,1076.89,6.15,4.86,1
15.98,81.14,3.37,1694.75,6.34,0.73,1
141.4,16.82,14.35,751.74,2.53,1.26,1
131.89,75.61,1.56,985.15,6.95,4.77,1
68.4,127.06,0.3,1661.75,2.41,0.28,1
18.47,74.27,0.34,833.72,5.68,1.57,1
145.77,76.18,0.15,1669.09,1.47,1.08,1
23.28,130.43,2.04,965.32,6.12,1.49,1
79.96,127.34,13.15,769.26,3.14,4.96,1
102.95,26.4,0.11,1377.89,3.2,4.73,1
29.94,60.91,1.52,1797.09,6.68,1.46,1
97.35,126.46,5.41,131.11,5.39,0.87,1
107.94,68.31,0.39,82.98,3.28,3.46,1
59.61,28.05,0.37,606.21,6.62,0.81,1
70.16,65.76,14.97,1676.27,1.75,4.18,1
38.47,16.89,7.84,1063.37,3.79,3.28,1
96.58,62.4,0.31,78.73,6.1,1.29,1
90.99,129.86,6.5,136.1,6.15,1.3,1
108.61,52.44,8.68,147.37,5.13,3.58,1
31.01,24.08,0.58,119.94,2.28,2.31,1
148.6,129.64,14.01,1018.61,1.43,1.44,1
131.46,78.81,11.35,136.74,5.66,1.42,1
105.7,135.35,14.29,285.16,2.29,3.12,1
94.73,125.46,0.11,81.27,1.53,0.29,1
101.63,128.97,6.19,1780.09,6.45,1.91,1
38.49,80.11,2.92,139.24,5.13,0.79,1
59.97,16.26,7.13,1723.44,5.32,0.57,1
141.04,76.88,0.4,1099.09,3.98,3.58,1
102.83,72.52,8.78,64.24,5.2,4.26,1
90.2,22.87,13.53,1403.92,6.32,1.32,1
84.75,63.45,3.46,1799.22,6.07,4.48,1
111.92,80.36,4.71,1627.92,5.49,4.98,1
148.71,22.2,0.13,1253.66,1.75,2.47,1
134.62,87.09,6.72,1679.31,5.2,0.86,1
82.35,45.14,4.09,1737.72,5.37,4.06,1
146.08,84.26,6.02,383.68,5.43,3.84,1
36.64,73.45,0.21,894.02,0.92,3.98,1
74.85,12.68,13.66,104.19,-0.8,0.87,1
95.64,11.43,7.8,61.16,6.89,1.06,1
75.21,92.94,0.15,1635.33,0.13,3.29,1
140.38,75.5,9.97,583.2,6.59,4.69,1
90.14,72.67,0.1,73.68,1.03,4.92,1
83.77,79.67,14.96,1611.94,5.9,0.58,1
84.28,67.77,13.54,554.5,5.23,3.25,1
141.55,52.56,8.17,1690.38,2.8,4.48,1
20.21,78.76,0.4,794.02,1.76,4.18,1
83.93,82.24,0.34,574.28,6.51,4.53,1
146.69,13.03,14.37,988.65,2.37,1.02,1
30.56,90.35,13.72,371.03,1.15,3.2,1
32.02,11.1,13.61,929.23,1.44,2.71,1
139.82,132.6,0.14,1109.84,2.52,1.95,1
135.16,89.41,5.69,1631.58,6.9,0.85,1
92.84,86.74,0.31,1746.92,1.95,3.34,1
142.91,84.3,1.81,121.77,0.53,4.05,1
91.54,90.97,0.19,227.43,6.33,4.99,1
15.45,94.58,5.23,796.47,6.75,4.57,1
137.57,26.28,2.91,1162.2,1.02,4.9,1
131.02,88.46,4.55,1330.67,5.77,4.45,1
99.07,23.23,0.34,667.51,0.24,4.1,1
93.46,10.25,13.09,1513.34,6.38,2.08,1
146.45,126.85,4.77,1736.83,1.44,1.18,1
136.61,56.45,13.13,784.65,1.3,4.35,1
134.59,94.08,0.4,880.98,2.39,4.61,1
70.17,81.03,0.34,1782.54,6.01,1.25,1
68.45,26.55,0.11,648.14,3.11,4.79,1
98.77,24.49,6.5,94.3,5.97,-0.77,1
32.54,63.21,5.94,791.51,5.27,3.99,1
132.33,68.77,6.41,129.13,0.98,3.49,1
15.95,82.69,6.74,1015.98,5.16,4.87,1
64.97,127.5,7.51,903.56,5.37,3.86,1
84.71,19.91,14.45,835.64,3.02,4.32,1
83.88,12.39,3.7,93.75,6.89,1.85,1
13.48,86.46,11.11,1190.04,6.92,4.47,1
94.49,15.62,13.52,1217.02,2.56,3.57,1
23.71,123.35,3.43,114.43,1.57,1.01,1
137.31,66.37,3.02,111.98,5.18,1.12,1
29.07,17.57,11.3,708.75,5.85,1.21,1
86.18,64.43,0.19,254.13,5.33,3.6,1
135.84,28.02,14.4,891.53,0.54,-0.59,1
82.91,138.02,5.73,1309.3,5.13,3.93,1
11.83,73.88,6.93,1782.91,5.41,4.05,1
149.24,14.07,7.97,1743.36,2.65,2.81,1
138.51,17.64,8.92,1112.28,3.3,3.73,1
102.81,14.92,13.1,134.24,1.14,1.22,1
32.93,28.93,8.27,991.7,6.05,0.65,1
67.8,22.66,5.33,1682.3,1.7,3.77,1
137.17,62.29,3.44,1038.24,5.79,3.67,1
149.21,13.23,3.44,1771.15,3.58,0.77,1
77.16,76.12,0.25,1330.91,6.31,4.19,1
80.54,79.06,0.3,659.32,5.98,4.81,1
89.01,90.16,14.37,147.88,2.78,3.19,1
68.56,81.38,0.28,63.5,5.37,1.4,1
108.92,25.74,5.02,418.12,6.6,4.59,1
72.3,23.46,6.37,109.18,6.14,0.16,1
143.04,80.0,0.12,774.67,3.25,3.28,1
20.58,73.05,14.39,131.49,2.54,1.93,1
70.0,58.25,12.54,1653.62,6.85,3.42,1
86.47,137.38,0.16,1658.98,2.31,4.42,1
90.26,130.62,6.75,-72.45,6.77,4.52,1
113.5,137.01,0.22,81.82,3.4,0.69,1
83.19,125.38,4.73,74.58,0.48,4.35,1
52.41,61.83,13.87,878.75,5.39,4.95,1
69.96,78.93,13.6,547.01,5.29,3.18,1
138.22,135.12,12.61,737.89,2.25,3.44,1
13.77,48.65,0.16,90.14,0.98,0.25,1
77.88,129.17,7.34,126.19,1.47,4.29,1
36.16,122.07,14.19,576.68,0.63,1.53,1
21.14,10.78,4.07,451.34,1.32,3.56,1
81.65,132.3,0.34,1749.41,1.23,1.0,1
88.48,65.1,0.13,720.76,6.77,3.28,1
146.38,136.95,0.3,663.89,2.33,1.19,1
144.31,14.76,4.59,87.81,2.83,1.94,1
80.18,125.71,3.18,1604.82,5.95,0.17,1
72.62,71.65,0.29,1732.15,5.82,0.33,1
14.7,122.65,4.9,1063.39,1.08,3.56,1
142.87,78.06,0.29,843.3,0.17,4.23,1
115.94,136.03,13.18,830.32,2.14,3.32,1
147.54,79.47,0.14,1184.04,6.61,0.35,1
19.73,138.16,6.1,562.3,1.89,4.26,1
146.49,134.63,3.63,683.94,6.98,1.77,1
61.99,71.4,13.51,1736.8,6.27,1.47,1
68.13,28.26,13.1,1958.72,6.12,0.94,1
135.59,22.65,0.15,1441.67,1.94,0.59,1
146.76,63.05,6.63,65.33,6.92,1.32,1
87.53,70.41,0.22,1655.11,-0.36,4.89,1
82.79,84.76,14.89,953.56,5.39,3.76,1
104.76,70.2,0.14,710.99,5.7,4.8,1
141.81,62.83,0.28,956.1,6.86,1.63,1
77.96,127.08,5.89,1728.67,2.4,4.55,1
93.2,19.49,13.45,732.36,5.26,1.54,1
53.14,13.04,0.16,90.62,0.96,1.53,1
76.01,59.9,1.66,1785.04,6.69,3.41,1
72.88,75.66,0.16,1169.55,6.09,4.97,1
117.85,60.05,6.38,81.06,5.68,4.34,1
10.34,127.29,1.24,1116.8,2.5,3.29,1
86.7,96.0,5.35,1727.09,6.68,4.38,1
22.32,131.78,0.25,640.71,3.62,1.55,1
144.27,77.24,4.97,1655.08,1.34,3.22,1
139.88,21.13,0.22,1142.0,1.91,0.74,1
36.19,72.19,7.47,1654.39,1.7,4.29,1
146.82,78.53,0.11,1744.87,0.65,1.15,1
36.01,16.08,0.27,1024.08,2.64,0.98,1
117.0,68.96,0.17,82.14,0.88,3.96,1
134.42,52.32,0.32,592.87,0.95,4.73,1
66.43,83.28,9.94,1647.23,6.07,3.84,1
26.26,64.01,6.2,1794.27,5.63,1.34,1
140.78,79.27,13.72,1164.72,6.53,1.05,1
52.72,22.99,13.15,1492.22,1.47,3.2,1
78.4,88.49,4.62,144.69,5.92,4.28,1
63.55,27.1,0.25,1055.47,0.46,4.95,1
69.63,133.83,0.24,452.26,2.16,3.16,1
99.3,16.61,13.28,94.14,1.5,0.9,1
75.81,50.22,8.17,1731.55,6.87,4.96,1
96.62,59.08,0.36,91.69,6.75,1.57,1
137.27,71.16,3.25,1724.44,6.64,1.6,1
81.31,22.74,0.13,61.25,1.58,0.23,1
71.09,139.06,6.54,1176.31,5.33,4.42,1
88.58,125.05,14.42,756.08,6.92,0.47,1
15.76,131.39,0.36,1555.72,1.59,1.12,1
86.14,138.14,6.14,75.83,1.34,3.81,1
94.36,124.64,0.26,787.31,2.53,3.33,1
99.29,81.58,3.31,1771.63,5.52,3.62,1
69.91,21.03,7.91,118.62,2.67,4.99,1
104.72,74.29,13.67,610.53,6.48,3.68,1
86.45,67.73,0.18,129.18,5.21,1.29,1
143.29,122.84,13.03,1001.69,2.39,0.85,1
80.35,126.68,2.34,1721.56,5.9,0.95,1
31.43,128.95,3.96,839.94,6.29,0.92,1
139.35,79.66,8.21,79.17,6.52,0.22,1
14.19,131.16,7.05,70.88,1.99,2.13,1
34.17,80.79,13.44,50.28,1.85,0.32,1
94.44,80.66,13.64,1668.75,5.83,0.86,1
97.19,22.75,5.95,1618.9,5.56,1.39,1
18.07,132.58,4.46,549.55,6.82,1.11,1
73.72,26.74,2.91,83.83,2.18,3.87,1
58.47,15.83,14.1,1780.56,2.91,1.1,1
74.25,61.28,0.26,64.95,6.22,0.41,1
30.33,51.45,6.28,810.64,6.41,3.56,1
149.61,138.04,6.55,687.77,5.95,0.73,1
71.39,22.66,7.86,90.99,2.58,4.68,1
138.29,77.14,0.35,848.29,2.28,3.8,1
15.81,133.57,-0.37,1666.56,1.9,0.71,1
75.24,133.3,5.81,1722.67,5.42,0.3,1
68.21,73.18,0.38,1209.28,5.72,3.99,1
87.11,132.36,0.13,127.13,3.77,0.38,1
92.51,28.79,4.59,146.79,5.35,1.63,1
21.9,64.26,0.39,1682.42,1.82,1.02,1
35.1,85.47,1.86,786.78,5.98,4.84,1
138.91,68.14,0.1,680.12,6.16,0.79,1
33.05,61.9,13.44,139.38,1.81,0.44,1
19.35,17.94,13.28,730.42,2.22,0.77,1
107.85,28.8,6.92,1304.75,6.88,3.63,1
75.97,23.15,4.3,1680.31,1.37,4.12,1
139.2,68.71,4.03,95.75,0.72,4.05,1
107.2,93.23,0.21,884.54,5.53,4.47,1
141.35,74.58,11.46,1782.9,0.39,4.0,1
30.02,83.31,0.14,843.09,5.69,-0.18,1
96.3,15.89,14.18,234.43,6.29,1.57,1
17.94,58.53,14.21,72.79,3.41,-0.36,1
110.05,12.64,14.87,1236.29,2.56,3.57,1
90.92,84.17,11.83,1780.35,6.02,3.96,1
141.72,134.83,0.28,1050.28,2.62,2.09,1
34.57,13.89,6.42,1632.21,2.09,0.17,1
81.95,133.55,0.2,561.82,2.39,3.55,1
83.19,126.3,13.71,887.63,6.59,0.85,1
140.07,64.11,14.42,580.19,5.77,1.51,1
27.23,61.63,0.28,761.91,5.34,1.42,1
137.51,77.55,4.92,785.99,5.86,3.23,1
24.94,87.98,8.61,1743.4,3.26,4.19,1
85.71,133.09,13.03,1021.45,6.11,3.77,1
138.29,79.37,0.36,996.28,1.52,4.39,1
16.79,83.78,0.2,829.88,6.36,2.12,1
133.39,71.38,6.23,366.7,6.86,3.37,1
148.62,11.61,0.34,794.37,1.85,1.73,1
70.34,56.22,0.11,131.01,2.57,4.69,1
83.83,131.41,-0.94,1758.02,1.23,4.59,1
38.86,83.02,13.91,1044.18,5.79,1.43,1
94.29,76.24,0.37,875.19,6.07,4.35,1
74.08,19.85,0.3,1300.27,6.12,0.65,1
82.26,78.86,9.76,135.4,5.29,4.74,1
148.63,82.82,13.89,665.29,2.7,4.33,1
12.9,90.64,6.5,92.07,2.63,3.47,1
95.05,72.79,0.24,125.02,1.6,3.35,1
144.07,11.57,13.99,584.87,1.44,2.11,1
61.55,129.78,3.61,1627.97,6.5,0.5,1
134.11,90.03,9.77,1717.51,5.47,1.93,1
89.48,121.39,9.68,1640.84,2.69,4.71,1
145.62,25.14,14.06,890.54,0.32,1.09,1
67.25,126.53,13.96,267.05,6.51,1.21,1
11.58,77.17,0.18,1720.87,1.85,0.83,1
149.12,65.4,0.18,642.12,5.99,0.82,1
24.1,20.57,14.22,320.38,1.61,2.08,1
70.53,59.17,0.18,550.78,6.28,3.38,1
131.8,67.49,13.75,986.27,1.63,3.77,1
99.57,136.61,7.24,760.14,5.78,4.03,1
131.85,137.57,-0.8,512.06,2.01,4.51,1
81.94,135.97,6.62,1790.05,6.32,0.77,1
146.71,17.12,7.96,876.75,6.97,0.04,1
63.67,131.07,14.31,1061.24,6.34,0.49,1
16.75,73.72,14.65,1576.21,2.31,3.86,1
144.42,132.02,5.83,145.79,0.58,0.76,1
17.05,95.44,10.18,142.1,6.65,1.68,1
96.05,14.85,1.56,1663.04,5.31,1.52,1
148.48,16.44,0.15,1441.83,2.73,3.89,1
14.16,77.29,7.46,1628.98,3.61,4.33,1
148.7,64.64,6.43,91.13,3.11,4.04,1
109.67,16.23,5.55,600.57,6.34,4.55,1
15.19,77.37,14.4,460.51,3.06,4.03,1
25.91,22.39,4.8,1251.35,6.82,0.65,1
33.64,19.56,5.54,449.09,5.84,0.52,1
91.43,20.21,0.14,1784.72,3.27,0.72,1
114.47,22.09,13.1,771.31,1.66,4.2,1
37.01,77.14,-2.7,97.16,5.3,0.02,1
139.35,78.95,13.24,1102.41,0.8,4.74,1
